{"type":"FeatureCollection","features":[{"type":"Feature","properties":{},"geometry":{"type":"MultiPolygon","coordinates":[[[[-5.5,41.3],[2.1217058069968844,41.3],[2.1305444670000497,41.30365631700005],[2.163259311000047,41.32664622600004],[2.1919051440000885,41.356756903000075],[2.2404077480000524,41.42096588700008],[2.26734459700009,41.44863515800006],[2.296722852000073,41.46531810100004],[2.371348504000082,41.48920319200005],[2.428965691000087,41.51894765800006],[2.449473504000082,41.535223700000074],[2.6518660820000832,41.60529205900008],[2.778496578000045,41.64558226100007],[2.792002800000091,41.66901276200008],[2.803721550000091,41.66864655200004],[2.8131616550000444,41.67031484600005],[2.820160352000073,41.68195221600007],[2.840179884000065,41.694647528000075],[2.9329908510000564,41.71246437600007],[2.95093834700009,41.73427969000005],[3.0403410370000756,41.78689001300006],[3.069057555000086,41.79907611200008],[3.078630960000055,41.826618274000054],[3.1168293320000657,41.84756921200005],[3.1501653770000644,41.845350970000084],[3.178558790000068,41.87523021000004],[3.1949162120000665,41.88829173400006],[3.2074487640000484,41.91392649900007],[3.23218834700009,41.94603099200003],[3.2356876960000704,41.96552155200004],[3.230560743000069,41.97300853100006],[3.211843295000051,41.98460521000004],[3.207855665000068,41.99001699400009],[3.2015893890000484,42.01744212400007],[3.1958961470000418,42.03311787200005],[3.1998595640000644,42.046190092000074],[3.213009237000051,42.05598607700006],[3.2144956930000603,42.06833384600009],[3.1922985280000375,42.09292147100007],[3.173106316000087,42.11200592700004],[3.1386011080000458,42.12763092700004],[3.1224878260000537,42.14048899900007],[3.116465691000087,42.15843333500004],[3.1188257170000497,42.21832916900007],[3.1303003260000537,42.23973216400009],[3.151621941000087,42.25682200700004],[3.170176629000082,42.25967031500005],[3.178721550000091,42.249701239000046],[3.210134311000047,42.23973216400009],[3.247162306000064,42.24571360900006],[3.2630314460000704,42.23985423400006],[3.270355665000068,42.250108140000066],[3.279388868000069,42.25564199400009],[3.2870386080000458,42.262925523000035],[3.2903751960000704,42.27806224200003],[3.294037306000064,42.28803131700005],[3.3177189460000704,42.32298411700003],[3.2937117850000845,42.33498769700009],[3.2806095710000704,42.33685944200005],[3.269867384000065,42.32920970300006],[3.2630314460000704,42.32920970300006],[3.249847852000073,42.34320709800005],[3.2264917330000458,42.34251536700003],[3.204193556000064,42.33958567900004],[3.187347852000073,42.34951406500005],[3.1744897800000444,42.363796291000085],[3.1744897800000444,42.38088613500008],[3.170176629000082,42.396592515000066],[3.178721550000091,42.41799551000008],[3.1815698580000458,42.43508535400008],[3.175873243000069,42.45648834800005],[3.160248243000069,42.475043036000045],[3.150238477000073,42.48216380400004],[3.1430770190000885,42.49213288000004],[3.1459253260000537,42.50352610900006],[3.1459253260000537,42.514960028000075],[3.1373804050000444,42.52492910400008],[3.1145939460000704,42.53062571800007],[3.0874943370000665,42.53493886900009],[3.0660913420000497,42.54205963700008],[3.051849806000064,42.55487702000005],[3.046153191000087,42.58767324400009],[3.0376082690000885,42.68321360900006],[3.043304884000065,42.724595445000034],[3.0389917330000458,42.75027090100008],[3.0404565760000537,42.79018789300005],[3.0560815760000537,42.907131252000056],[3.054698113000086,42.92711009300007],[3.041840040000068,42.932806708000044],[3.0389917330000458,42.94277578300006],[3.0560815760000537,42.992702541000085],[3.070404493000069,43.02692291900007],[3.1140242850000845,43.106309312000064],[3.135996941000087,43.12103913000004],[3.1544702480000524,43.135280666000085],[3.1659448580000458,43.152411200000074],[3.178721550000091,43.165228583000044],[3.1958927740000718,43.176662502000056],[3.207286004000082,43.18663157800006],[3.220957879000082,43.19521719000005],[3.227549675000091,43.20425039300005],[3.2443139980000524,43.21942780200004],[3.3177189460000704,43.26308828300006],[3.3854272800000444,43.28392161700003],[3.4283960300000444,43.28546784100007],[3.452403191000087,43.288763739000046],[3.4923608730000524,43.274318752000056],[3.5133569670000497,43.28107330900008],[3.589691602000073,43.35488515800006],[3.622162306000064,43.37490469000005],[3.7399194670000497,43.41282786700003],[3.952972852000073,43.539943752000056],[3.9908960300000444,43.550848700000074],[4.047455274000072,43.55613841400009],[4.105316602000073,43.55186595300006],[4.131195509000065,43.53624095300006],[4.132823113000086,43.53278229400007],[4.117198113000086,43.51048411700003],[4.132823113000086,43.48704661700003],[4.160329623000052,43.47150299700007],[4.181651238000086,43.463771877000056],[4.205902540000068,43.45990631700005],[4.409418594000044,43.447741342000086],[4.5130314460000704,43.45579661700003],[4.555208306000054,43.443265515000064],[4.57959363000009,43.43006620400007],[4.588043737000078,43.41689077600006],[4.58570397200009,43.40424225500004],[4.565544044000092,43.38794900900007],[4.566288765000081,43.37109356600007],[4.592335626000079,43.35988927400007],[4.66588637600006,43.34754133600006],[4.791247192000071,43.34522195800008],[4.820279138000046,43.34635571600006],[4.823018876000049,43.36716896300004],[4.800059441000087,43.386053778000075],[4.769704623000052,43.40192291900007],[4.742523634000065,43.42255280200004],[4.728770379000082,43.45620351800005],[4.728770379000082,43.52789948100008],[4.72437584700009,43.538397528000075],[4.694590691000087,43.57290273600006],[4.694590691000087,43.57908763200004],[4.711924675000091,43.571519273000035],[4.725840691000087,43.55678945500006],[4.736175977000073,43.539496161000045],[4.742442254000082,43.52448151200008],[4.744965040000068,43.50739166900007],[4.742442254000082,43.44871653900009],[4.757823113000086,43.42234935100004],[4.7917586600000845,43.39911530200004],[4.833262566000087,43.38198476800005],[4.850823418000061,43.35892884400005],[4.855778264000094,43.341779141000075],[4.877188604000082,43.350782491000075],[4.901005115000089,43.36696508500006],[4.867531575000044,43.365112099000044],[4.864890595000077,43.377900012000055],[4.854991082000083,43.396185614000046],[4.8502710300000444,43.40143463700008],[4.858409050000091,43.415228583000044],[4.868174675000091,43.42145416900007],[4.892588738000086,43.42536041900007],[4.903168165000068,43.431626695000034],[4.9284774100000845,43.44013092700004],[4.9830835300000444,43.41705963700008],[4.998465760000045,43.41469940600007],[5.027598504000082,43.41697825700004],[5.051117384000065,43.42926666900007],[5.06226647200009,43.45164622600004],[5.050303582000083,43.47671133000006],[5.0358179050000444,43.485581773000035],[5.023692254000082,43.49046458500004],[5.014659050000091,43.49872467700004],[5.009287957000083,43.517645575000074],[5.015879754000082,43.538763739000046],[5.022308790000068,43.55219147300005],[5.029144727000073,43.558579820000034],[5.035329623000052,43.55573151200008],[5.053721550000091,43.53815338700008],[5.084971550000091,43.53815338700008],[5.105723504000082,43.53302643400008],[5.110850457000083,43.52789948100008],[5.111501498000052,43.51935455900008],[5.118418816000087,43.503973700000074],[5.1399845710000704,43.48578522300005],[5.165537957000083,43.482489325000074],[5.193614129000082,43.489935614000046],[5.222829623000052,43.503973700000074],[5.22632897200009,43.48029205900008],[5.2135522800000444,43.45783112200007],[5.192881707000083,43.439520575000074],[5.173838738000086,43.42829010600008],[5.14616946700005,43.42206452000005],[5.0571395190000885,43.42206452000005],[5.0261336600000845,43.40932851800005],[5.005572076000078,43.38162750200007],[5.0139363860000685,43.357920695000075],[5.034022073000074,43.335476431000075],[5.064794619000054,43.328018530000065],[5.12517355600005,43.32576874300008],[5.163237317000039,43.329314199000066],[5.238278858000058,43.32804075100006],[5.294173414000056,43.355471883000064],[5.338882958000056,43.33428883600004],[5.351817254000082,43.29791901200008],[5.3559676440000885,43.29205963700008],[5.357342712000047,43.28034452800006],[5.369151238000086,43.270412502000056],[5.360850457000083,43.253973700000074],[5.353770379000082,43.243801174000055],[5.346980067000061,43.21589931800008],[5.370337389000042,43.20785932100006],[5.395310694000045,43.21234101300007],[5.4397538740000755,43.207645710000065],[5.459833401000083,43.20851918300008],[5.5041758510000705,43.205658895000056],[5.514335724000091,43.207739925000055],[5.524952486000075,43.212629082000035],[5.537835580000092,43.207389644000045],[5.547245558000043,43.19385852900007],[5.572706403000041,43.16914829000007],[5.588262046000068,43.16797860200006],[5.612420433000068,43.16042865900005],[5.622902872000054,43.17672741200005],[5.6342126420000795,43.18722911700007],[5.655221278000056,43.185590034000086],[5.673918542000081,43.179888546000086],[5.687673373000052,43.168850002000056],[5.696298672000069,43.14687511100004],[5.741011636000053,43.13206265100007],[5.776126699000088,43.13081108100005],[5.780840298000044,43.12333360400004],[5.783406919000072,43.114597606000075],[5.800564292000047,43.11184894300004],[5.811464562000083,43.10672548200006],[5.818085226000051,43.09908959200004],[5.80289558000004,43.088890484000046],[5.781873138000037,43.07911819900005],[5.790241589000061,43.06993079400007],[5.818960387000061,43.05346898400006],[5.856605081000055,43.04482851500006],[5.875336134000065,43.068793036000045],[5.887956364000047,43.07222586900008],[5.917208171000084,43.07274182500004],[5.940288036000084,43.07090971700006],[5.9513789680000855,43.07997756900005],[5.910610168000062,43.09320399500007],[5.89625084700009,43.11542389500005],[5.8794051440000885,43.120428778000075],[5.908539259000065,43.131293036000045],[5.9244897800000444,43.13434479400007],[5.940928582000083,43.134019273000035],[5.9382430350000845,43.12909577000005],[5.936534050000091,43.11945221600007],[5.9340926440000885,43.11359284100007],[5.958652331000053,43.10216795200006],[5.991732384000045,43.102347472000076],[6.016520033000063,43.098936371000036],[6.027008490000071,43.07819510200005],[6.044522586000085,43.07820776700004],[6.10966232800007,43.08431566500008],[6.129087889000061,43.07136218800008],[6.132065822000072,43.052638336000086],[6.119254454000043,43.045150180000064],[6.103031188000045,43.04078050000004],[6.088517320000051,43.034848587000056],[6.097694325000077,43.031261474000075],[6.1800724480000895,43.035922138000046],[6.185420303000058,43.04544363500008],[6.171330439000087,43.042324989000065],[6.152767707000066,43.04810730600008],[6.153168165000068,43.071966864000046],[6.162933790000068,43.09259674700007],[6.178664022000078,43.10285632800009],[6.193198227000039,43.10877332700005],[6.219702497000071,43.11654758100008],[6.2534701790000895,43.12087477300008],[6.28037394100005,43.11866552300006],[6.306202437000081,43.10941311600004],[6.325694207000083,43.10419342700004],[6.3288680350000845,43.09992096600007],[6.342257678000067,43.09076336900006],[6.37537147200004,43.09084111400006],[6.36608020500006,43.11863492200007],[6.37854096500007,43.13607915600005],[6.401678985000046,43.14693816700009],[6.4220175720000725,43.15234158000004],[6.451331547000052,43.15271929100004],[6.479162710000082,43.15606016800007],[6.505683047000048,43.15097126400008],[6.526714449000053,43.16056742200004],[6.536426701000039,43.17254385500007],[6.53991191700004,43.18220400900009],[6.563718110000082,43.18444937500004],[6.581275607000066,43.18437362000009],[6.593272332000083,43.18773021000004],[6.59546959700009,43.17987702000005],[6.599457227000073,43.174994208000044],[6.6098738940000885,43.17340729400007],[6.629161004000082,43.17987702000005],[6.64039147200009,43.18183014500005],[6.660400217000074,43.19041167900008],[6.679800772000078,43.20155281400008],[6.665403062000053,43.22128973900004],[6.668355527000074,43.23953564200008],[6.68539489200009,43.248037166000074],[6.698021526000048,43.26545707400004],[6.6933736080000585,43.27297279800007],[6.672358114000076,43.27619557300005],[6.611672016000057,43.26428823700007],[6.590891640000052,43.26889795100004],[6.597242936000043,43.284007286000076],[6.62462860100004,43.29591306000009],[6.661306186000047,43.322333075000074],[6.666026238000086,43.333197333000044],[6.6745711600000845,43.34638092700004],[6.7178375340000684,43.350604247000035],[6.717784050000091,43.366888739000046],[6.732823701000086,43.38207900700007],[6.731146285000079,43.407846721000055],[6.746501343000091,43.417906118000076],[6.757085807000067,43.42268659200005],[6.772973707000062,43.41845419200007],[6.783050322000065,43.408634723000034],[6.818843208000089,43.416072341000074],[6.834825863000049,43.415811149000035],[6.846671575000073,43.41257713600004],[6.860136328000067,43.41586789000007],[6.856098247000091,43.42872944000004],[6.857987506000086,43.43617576500009],[6.862957239000082,43.439362059000075],[6.86967160800009,43.43205232200006],[6.871072493000042,43.42609293000004],[6.8940279900000405,43.42762841500007],[6.898241732000088,43.43799878100003],[6.920372044000089,43.44901182400008],[6.925079666000045,43.472760512000036],[6.954298556000083,43.500106394000056],[6.953805085000056,43.50461583900005],[6.94088799900004,43.512459668000076],[6.945203125000091,43.52725267200009],[6.962087436000047,43.54010651200008],[6.975599612000053,43.54694595700005],[6.9938186720000886,43.54890562600008],[7.0144681330000935,43.54708658200008],[7.03063439400006,43.547889169000086],[7.03720222700008,43.53626350600007],[7.058107568000082,43.549885465000045],[7.071052428000087,43.56080479800005],[7.08842678700006,43.568674446000045],[7.104323741000087,43.568293579000056],[7.112940732000084,43.56454415400009],[7.1255111780000675,43.547768114000064],[7.138916191000078,43.55402035800006],[7.13257897200009,43.573553778000075],[7.126154018000079,43.60583297200009],[7.133067254000082,43.63385651200008],[7.136566602000073,43.64118073100008],[7.14421634200005,43.64545319200005],[7.151621941000087,43.65477122600004],[7.1645948910000925,43.65606095600003],[7.1776510020000615,43.66010941900004],[7.196677433000048,43.656916607000085],[7.203791110000054,43.64435965000007],[7.2138045990000705,43.648672916000066],[7.23181420800006,43.66347049400008],[7.228509115000065,43.67419580900008],[7.241674873000079,43.68486905200007],[7.257273161000057,43.69164800400006],[7.280252530000041,43.69332627400007],[7.300903921000042,43.687689084000056],[7.319001775000061,43.68524995800004],[7.330533323000054,43.68642412300005],[7.338063998000052,43.69830963700008],[7.3422957690000885,43.70783112200007],[7.353184272000078,43.715690694000045],[7.365750207000076,43.72273028300003],[7.380722515000059,43.71927314100009],[7.404319061000081,43.71796907700008],[7.417956880000077,43.73090382500004],[7.432845087000089,43.739852548000044],[7.454345265000086,43.75711729100004],[7.46265709700009,43.76211172100005],[7.46843509200005,43.761704820000034],[7.476410352000073,43.76463450700004],[7.4773055350000845,43.76813385600008],[7.475759311000047,43.78082916900007],[7.476410352000073,43.784491278000075],[7.480723504000082,43.78583405200004],[7.489105665000068,43.78546784100007],[7.502289259000065,43.792222398000035],[7.512868686000047,43.79214101800005],[7.52320397200009,43.789048570000034],[7.531097852000073,43.784491278000075],[7.544118686000047,43.784491278000075],[7.57203209700009,43.79132721600007],[7.69499759200005,43.79120514500005],[7.736582879000082,43.79824453300006],[7.7858179050000444,43.821966864000046],[7.9597274100000845,43.852850653000075],[8.031423373000052,43.88751862200007],[8.055674675000091,43.89207591400009],[8.06771894600007,43.89667389500005],[8.075450066000087,43.90965403900009],[8.081553582000083,43.915228583000044],[8.08920332100007,43.91986725500004],[8.115244988000086,43.92767975500004],[8.144704623000052,43.95258209800005],[8.167979363000086,43.95648834800005],[8.167979363000086,43.96263255400004],[8.152679884000065,43.98322174700007],[8.169118686000047,44.00665924700007],[8.216319207000083,44.04523346600007],[8.223806186000047,44.05719635600008],[8.229991082000083,44.07249583500004],[8.231211785000085,44.08030833500004],[8.229991082000083,44.09634023600006],[8.233164910000085,44.103583075000074],[8.256521030000044,44.12836334800005],[8.269541863000086,44.138739325000074],[8.284678582000083,44.14826080900008],[8.313487175000091,44.16046784100007],[8.369395379000082,44.173529364000046],[8.394541863000086,44.18235911700003],[8.408213738000086,44.19350820500006],[8.408539259000065,44.20408763200004],[8.406504754000082,44.21503327000005],[8.41187584700009,44.22703685100004],[8.435394727000073,44.24042389500005],[8.436534050000091,44.24754466400009],[8.439463738000086,44.253159898000035],[8.449717644000089,44.26434967700004],[8.444509311000047,44.28388092700004],[8.466075066000087,44.30426666900007],[8.540293816000087,44.34003327000005],[8.564789259000065,44.35716380400004],[8.576670769000089,44.360541083000044],[8.593760613000086,44.36273834800005],[8.655121290000068,44.39468008000006],[8.662771030000044,44.39557526200008],[8.678558790000068,44.39468008000006],[8.68531334700009,44.398098049000055],[8.695811394000089,44.40672435100004],[8.724782748000052,44.42397695500006],[8.737152540000068,44.42877838700008],[8.762380405000044,44.43211497600004],[8.826996290000068,44.42845286700003],[8.837738477000073,44.417181708000044],[8.84538821700005,44.41347890800006],[8.868418816000087,44.40973541900007],[8.914561394000089,44.40892161700003],[8.923675977000073,44.41156647300005],[8.95289147200009,44.39980703300006],[9.001231316000087,44.38727448100008],[9.102061394000089,44.37396881700005],[9.130056186000047,44.363348700000074],[9.148610873000052,44.34003327000005],[9.146657748000052,44.328558661000045],[9.165049675000091,44.31830475500004],[9.21070397200009,44.30532461100006],[9.209808790000068,44.32086823100008],[9.213715040000068,44.33344147300005],[9.221039259000065,44.34406159100007],[9.230642123000052,44.35370514500005],[9.262705925000091,44.33641185100004],[9.367686394000089,44.29441966400009],[9.374522332000083,44.27179596600007],[9.422373894000089,44.25678131700005],[9.429209832000083,44.247259833000044],[9.436778191000087,44.239488023000035],[9.453868035000085,44.23769765800006],[9.472504102000073,44.23981354400007],[9.484385613000086,44.243841864000046],[9.489756707000083,44.230902411000045],[9.499034050000091,44.22182851800005],[9.511241082000083,44.21523672100005],[9.556488477000073,44.20014069200005],[9.573008660000085,44.19159577000005],[9.579925977000073,44.178941148000035],[9.586192254000082,44.177720445000034],[9.621104363000086,44.14826080900008],[9.631032748000052,44.144598700000074],[9.643239780000044,44.14232005400004],[9.672536655000044,44.14081452000005],[9.682627800000091,44.13654205900008],[9.7,44.12449107377262],[9.7,51.1],[2.5569663807819167,51.1],[2.542002800000091,51.096869208000044],[2.506683790000068,51.08075592700004],[2.466075066000087,51.068793036000045],[2.3844507170000497,51.05532461100006],[2.324473504000082,51.059881903000075],[2.3160913420000497,51.059027411000045],[2.305511915000068,51.05540599200003],[2.134043816000087,51.019964911000045],[1.9734806650000678,51.007147528000075],[1.939300977000073,50.99445221600007],[1.9213973320000832,50.99677155200004],[1.7298283210000704,50.94391510600008],[1.699066602000073,50.92560455900008],[1.670176629000082,50.900091864000046],[1.6533309250000912,50.889105536000045],[1.6342879570000832,50.88458893400008],[1.6134546230000524,50.88336823100008],[1.6048283210000704,50.88104889500005],[1.5805770190000885,50.868801174000055],[1.583181186000047,50.84979889500005],[1.5992944670000497,50.812933661000045],[1.6056421230000524,50.79002513200004],[1.6001082690000885,50.77098216400009],[1.5887150400000678,50.756293036000045],[1.5676375660000872,50.71674225500004],[1.5626733730000524,50.69896067900004],[1.5631616550000444,50.67829010600008],[1.5735783210000704,50.63556549700007],[1.5778914720000898,50.58860911700003],[1.5833439460000704,50.57469310100004],[1.6103621750000912,50.548163153000075],[1.579274936000047,50.53314850500004],[1.5742293630000859,50.49237702000005],[1.5734969410000872,50.445379950000074],[1.5551863940000885,50.41156647300005],[1.5551863940000885,50.40477122600004],[1.6103621750000912,50.37689850500004],[1.6103621750000912,50.37067291900007],[1.5720320970000898,50.37567780200004],[1.5515242850000845,50.34906647300005],[1.5431421230000524,50.31000397300005],[1.5415145190000885,50.27789948100008],[1.5511173840000652,50.26968008000006],[1.5939233730000524,50.256293036000045],[1.6035262380000859,50.243475653000075],[1.6100366550000444,50.23224518400008],[1.6254988940000885,50.224310614000046],[1.645681186000047,50.220038153000075],[1.6650496750000912,50.21979401200008],[1.6650496750000912,50.21238841400009],[1.6445418630000859,50.21238841400009],[1.6500757170000497,50.204779364000046],[1.6552840500000912,50.200506903000075],[1.661957227000073,50.198919989000046],[1.6725366550000444,50.19936758000006],[1.6725366550000444,50.19253164300005],[1.6640731130000859,50.18707916900007],[1.6543074880000859,50.18659088700008],[1.5553491550000444,50.21771881700005],[1.5210067070000832,50.21466705900008],[1.4868270190000885,50.18504466400009],[1.4645288420000497,50.132147528000075],[1.4558211600000845,50.12360260600008],[1.4441024100000845,50.117254950000074],[1.3912866550000444,50.07518138200004],[1.2609969410000872,50.007513739000046],[1.2212020190000885,49.97898997600004],[1.1969507170000497,49.97357819200005],[1.1726180350000845,49.961004950000074],[0.7609155610000471,49.875067450000074],[0.6748153000000912,49.87579987200007],[0.5966903000000912,49.85724518400008],[0.5573836600000845,49.83978913000004],[0.5227970710000704,49.83295319200005],[0.3976343110000471,49.784369208000044],[0.38746178500008455,49.775051174000055],[0.25684655000009116,49.73590729400007],[0.24675540500004445,49.72943756700005],[0.23585045700008322,49.72931549700007],[0.18588300900006516,49.703192450000074],[0.17090905000009116,49.69163646000004],[0.13086998800008587,49.603501695000034],[0.07968183700006648,49.542181708000044],[0.07658938900004841,49.53497955900008],[0.07536868600004709,49.52407461100006],[0.07862389400008851,49.51552969000005],[0.09278405000009116,49.50926341400009],[0.0959578790000819,49.503241278000075],[0.10442142000005106,49.49359772300005],[0.12435957100007045,49.48578522300005],[0.1473087900000678,49.48094310100004],[0.18531334700008983,49.47996653900009],[0.25684655000009116,49.464056708000044],[0.33961022200008983,49.456732489000046],[0.4221297540000819,49.46442291900007],[0.49317467500009116,49.49359772300005],[0.47657311300008587,49.47866445500006],[0.4572860040000819,49.46743398600006],[0.4113061860000471,49.452053127000056],[0.1623641290000819,49.41518789300005],[0.0959578790000819,49.38373444200005],[0.07195071700004974,49.35927969000005],[0.06308027400007177,49.35447825700004],[0.04029381600008719,49.35040924700007],[0.012868686000047092,49.33462148600006],[-0.033843553999929554,49.32005442900004],[-0.1940811839999128,49.29523346600007],[-0.2194718089999128,49.28009674700007],[-0.3130997389999379,49.31732819200005],[-0.3634333979999269,49.32501862200007],[-0.39362545499994894,49.33803945500006],[-0.41112219999990884,49.34275950700004],[-0.47948157499990884,49.34275950700004],[-0.5225317049999489,49.35529205900008],[-0.5469457669999542,49.35895416900007],[-0.5833634109999366,49.34589264500005],[-0.6079809239999463,49.34739817900004],[-0.6507869129999335,49.35586172100005],[-0.8221329419999392,49.36269765800006],[-0.9404190749999088,49.392279364000046],[-1.0722550119999141,49.39679596600007],[-1.089588995999918,49.39154694200005],[-1.1063533189999362,49.37946198100008],[-1.1137589179999168,49.36579010600008],[-1.1034236319999309,49.35586172100005],[-1.1034236319999309,49.34902578300006],[-1.1228735019999476,49.34544505400004],[-1.1334529289999296,49.34951406500005],[-1.1410212879999335,49.356675523000035],[-1.1517227859999366,49.36269765800006],[-1.1630753249999088,49.36151764500005],[-1.1738175119999141,49.35700104400007],[-1.181996222999942,49.35618724200003],[-1.1851700509999432,49.366400458000044],[-1.1742244129999335,49.38239166900007],[-1.172230597999942,49.39337799700007],[-1.1756892569999309,49.415228583000044],[-1.185292120999918,49.43036530200004],[-1.2615860669999392,49.49315013200004],[-1.2765193349999322,49.520738023000035],[-1.2936091789999296,49.538397528000075],[-1.3062638009999432,49.55809153900009],[-1.3014216789999296,49.58177317900004],[-1.2949926419999542,49.586818752000056],[-1.286203579999949,49.58893463700008],[-1.264027472999942,49.58926015800006],[-1.2599991529999102,49.593451239000046],[-1.257557745999918,49.602850653000075],[-1.2533259759999282,49.61225006700005],[-1.2277725899999155,49.62409088700008],[-1.2322485019999476,49.64142487200007],[-1.2541397779999102,49.67177969000005],[-1.2591039699999556,49.68829987200007],[-1.2630509109999366,49.69550202000005],[-1.2711482409999348,49.698431708000044],[-1.3912654289999296,49.71271393400008],[-1.4094945949999556,49.71157461100006],[-1.4557185539999296,49.70221588700008],[-1.4701228509999282,49.69505442900004],[-1.4959203769999476,49.67218659100007],[-1.511463995999918,49.662543036000045],[-1.5284317699999406,49.657456773000035],[-1.5403946609999366,49.65778229400007],[-1.5611873039999296,49.66303131700005],[-1.572865363999938,49.66429271000004],[-1.583729620999918,49.66205475500004],[-1.5973201159999348,49.65228913000004],[-1.6066788399999155,49.650051174000055],[-1.6139216789999296,49.65224844000005],[-1.6163630849999322,49.65704987200007],[-1.6171768869999141,49.66429271000004],[-1.6330460279999102,49.66351959800005],[-1.7077530589999128,49.68016185100004],[-1.7739965489999463,49.686712958000044],[-1.7960098949999406,49.69163646000004],[-1.8118383449999556,49.690741278000075],[-1.8164770169999542,49.69163646000004],[-1.8209529289999296,49.69635651200008],[-1.8246150379999335,49.70844147300005],[-1.8294571609999366,49.71271393400008],[-1.8394262359999516,49.71539948100008],[-1.8672989569999459,49.71271393400008],[-1.8791397779999102,49.714829820000034],[-1.8989965489999463,49.724269924000055],[-1.908355272999927,49.72638580900008],[-1.9352107409999348,49.72410716400009],[-1.9395645819999459,49.716457424000055],[-1.937652147999927,49.70156484600005],[-1.9456274079999503,49.67796458500004],[-1.9016007149999155,49.66583893400008],[-1.869496222999942,49.66168854400007],[-1.8605850899999155,49.65477122600004],[-1.8469132149999155,49.63393789300005],[-1.8395076159999348,49.61977773600006],[-1.8392227859999366,49.603176174000055],[-1.8437393869999141,49.57184479400007],[-1.8501684239999463,49.561712958000044],[-1.8784073559999115,49.54486725500004],[-1.8846736319999309,49.530910549000055],[-1.8794652989999463,49.52496979400007],[-1.8535863919999542,49.50429922100005],[-1.8437393869999141,49.49359772300005],[-1.8402400379999335,49.48582591400009],[-1.8382055329999503,49.475816148000035],[-1.819406704999949,49.452053127000056],[-1.8164770169999542,49.44521719000005],[-1.8157852859999366,49.430853583000044],[-1.8195694649999155,49.39679596600007],[-1.8164770169999542,49.38373444200005],[-1.806792772999927,49.37685781500005],[-1.795074022999927,49.37763092700004],[-1.7818904289999296,49.38153717700004],[-1.7679744129999335,49.38373444200005],[-1.7728572259999282,49.377020575000074],[-1.7755020819999459,49.37010325700004],[-1.7557266919999392,49.36245351800005],[-1.7332657539999445,49.34625885600008],[-1.7147517569999309,49.33852773600006],[-1.7066544259999432,49.35586172100005],[-1.6991267569999309,49.35586172100005],[-1.6861873039999296,49.33535390800006],[-1.6861873039999296,49.32916901200008],[-1.7066544259999432,49.32916901200008],[-1.6990860669999392,49.31354401200008],[-1.6869197259999282,49.302435614000046],[-1.6581925119999141,49.287543036000045],[-1.6653946609999366,49.28461334800005],[-1.6718643869999141,49.28009674700007],[-1.6570938789999445,49.26837799700007],[-1.6405330069999309,49.23151276200008],[-1.6246638659999348,49.21930573100008],[-1.6168513659999348,49.23822663000004],[-1.5952856109999516,49.23786041900007],[-1.5695694649999155,49.229681708000044],[-1.5484106109999516,49.225490627000056],[-1.5484106109999516,49.21930573100008],[-1.5844620429999168,49.226263739000046],[-1.6026505199999406,49.22540924700007],[-1.610422329999949,49.21588776200008],[-1.6087947259999282,49.19782135600008],[-1.6044815749999088,49.17820872600004],[-1.5977677069999459,49.159369208000044],[-1.5893448559999115,49.14354075700004],[-1.581776495999918,49.14984772300005],[-1.5694880849999322,49.14354075700004],[-1.5890193349999322,49.13458893400008],[-1.5959366529999102,49.12848541900007],[-1.6029353509999282,49.11562734600005],[-1.6077367829999503,49.102728583000044],[-1.6087540359999366,49.091498114000046],[-1.6034236319999309,49.083970445000034],[-1.5893448559999115,49.082098700000074],[-1.5937393869999141,49.071966864000046],[-1.5959366529999102,49.06126536700003],[-1.596750454999949,49.03742096600007],[-1.5935766269999476,49.028998114000046],[-1.586537238999938,49.01898834800005],[-1.5794571609999366,49.01316966400009],[-1.5684301419999542,49.03266022300005],[-1.5497126939999362,49.03978099200003],[-1.5272517569999309,49.03978099200003],[-1.507964647999927,49.03367747600004],[-1.507964647999927,49.02753327000005],[-1.5323380199999406,49.035142320000034],[-1.5457657539999445,49.03034088700008],[-1.5522354809999115,49.01544830900008],[-1.5630590489999463,48.95758698100008],[-1.5589900379999335,48.95180898600006],[-1.547027147999927,48.94969310100004],[-1.5419815749999088,48.94407786700003],[-1.5427953769999476,48.935248114000046],[-1.5484106109999516,48.923814195000034],[-1.5570369129999335,48.93231842700004],[-1.5637100899999155,48.92210521000004],[-1.5718481109999516,48.874212958000044],[-1.5785212879999335,48.862616278000075],[-1.5891007149999155,48.853583075000074],[-1.6029353509999282,48.84935130400004],[-1.6029353509999282,48.84194570500006],[-1.5788468089999128,48.83783600500004],[-1.566761847999942,48.82217031500005],[-1.5625707669999542,48.798488674000055],[-1.5620824859999516,48.770819403000075],[-1.5536189439999362,48.74713776200008],[-1.5164688789999445,48.72516510600008],[-1.507964647999927,48.701605536000045],[-1.5026749339999128,48.69550202000005],[-1.4902237619999141,48.69013092700004],[-1.4557999339999128,48.68341705900008],[-1.4505102199999556,48.67951080900008],[-1.4470922519999476,48.673895575000074],[-1.4459529289999296,48.66746653900009],[-1.4432673819999309,48.66282786700003],[-1.4377335279999102,48.66445547100005],[-1.4330134759999282,48.66828034100007],[-1.4328507149999155,48.67059967700004],[-1.3946020169999542,48.66828034100007],[-1.3723038399999155,48.660589911000045],[-1.3565567699999406,48.64325592700004],[-1.3931371739999463,48.652411200000074],[-1.5005590489999463,48.63646067900004],[-1.5797013009999432,48.64325592700004],[-1.5956925119999141,48.64093659100007],[-1.6439509759999282,48.62343984600005],[-1.722808397999927,48.615301825000074],[-1.7960098949999406,48.61591217700004],[-1.8382055329999503,48.62376536700003],[-1.8609513009999432,48.64085521000004],[-1.8611954419999392,48.66421133000006],[-1.8363337879999335,48.691107489000046],[-1.8435766269999476,48.698146877000056],[-1.8469132149999155,48.70343659100007],[-1.8466690749999088,48.70783112200007],[-1.8437393869999141,48.712144273000035],[-1.9456274079999503,48.698553778000075],[-1.9393611319999309,48.691107489000046],[-1.9769587879999335,48.691107489000046],[-1.9859106109999516,48.68789297100005],[-1.9877009759999282,48.680853583000044],[-1.9877009759999282,48.67377350500004],[-1.9911189439999362,48.67059967700004],[-2.006581183999913,48.667629299000055],[-2.0181371739999463,48.66034577000005],[-2.025542772999927,48.65131256700005],[-2.0287166009999282,48.64325592700004],[-2.0190323559999115,48.63104889500005],[-2.0004776679999168,48.60130442900004],[-1.9911189439999362,48.59544505400004],[-1.9798070949999556,48.59511953300006],[-1.9693904289999296,48.59275950700004],[-1.9603572259999282,48.58661530200004],[-1.9529516269999476,48.57501862200007],[-1.9651586579999503,48.58120351800005],[-1.9735001289999445,48.58869049700007],[-1.9802953769999476,48.58869049700007],[-1.9766332669999542,48.572699286000045],[-1.9619034499999088,48.55491771000004],[-1.9672745429999168,48.54706452000005],[-1.9393611319999309,48.53400299700007],[-1.970448370999918,48.520697333000044],[-1.9802953769999476,48.51357656500005],[-1.9763891269999476,48.53563060100004],[-1.9824926419999542,48.54897695500006],[-2.0082901679999168,48.57501862200007],[-2.0051163399999155,48.57884349200003],[-2.000884568999936,48.58869049700007],[-2.0132543609999516,48.59162018400008],[-2.0220434239999463,48.598944403000075],[-2.027088995999918,48.60895416900007],[-2.0287166009999282,48.61969635600008],[-2.052357550999943,48.650091864000046],[-2.100209113999938,48.646918036000045],[-2.1448461579999503,48.63646067900004],[-2.136626756999931,48.62213776200008],[-2.1243383449999556,48.60911692900004],[-2.1370336579999503,48.61798737200007],[-2.149322068999936,48.61888255400004],[-2.161040818999936,48.61302317900004],[-2.17210852799991,48.60171133000006],[-2.1631973949999406,48.59650299700007],[-2.159087693999936,48.59544505400004],[-2.159087693999936,48.58869049700007],[-2.17406165299991,48.58295319200005],[-2.1829727859999366,48.588771877000056],[-2.188384568999936,48.60130442900004],[-2.1926163399999155,48.61591217700004],[-2.192128058999913,48.60374583500004],[-2.19554602799991,48.593451239000046],[-2.202788865999935,48.58588288000004],[-2.213693813999953,48.58185455900008],[-2.2192276679999168,48.60366445500006],[-2.2259415359999366,48.61237213700008],[-2.237294074999909,48.61591217700004],[-2.2407120429999168,48.62132396000004],[-2.246205206999946,48.64472077000005],[-2.250965949999909,48.650091864000046],[-2.273589647999927,48.642645575000074],[-2.294016079999949,48.628607489000046],[-2.312652147999927,48.62018463700008],[-2.33031165299991,48.62962474200003],[-2.302398240999935,48.650091864000046],[-2.289418097999942,48.66657135600008],[-2.281971808999913,48.67059967700004],[-2.281971808999913,48.67804596600007],[-2.2952367829999503,48.67658112200007],[-2.3053279289999296,48.67963288000004],[-2.312489386999914,48.68695709800005],[-2.316070115999935,48.698553778000075],[-2.329986131999931,48.68036530200004],[-2.356068488999938,48.663275458000044],[-2.3862198559999115,48.650091864000046],[-2.412261522999927,48.64325592700004],[-2.421050584999932,48.65696849200003],[-2.4428604809999115,48.659084377000056],[-2.487456834999932,48.650091864000046],[-2.4680069649999155,48.64394765800006],[-2.4595434239999463,48.64325592700004],[-2.4595434239999463,48.63646067900004],[-2.473622199999909,48.62596263200004],[-2.5410863919999542,48.598089911000045],[-2.55882727799991,48.59414297100005],[-2.569406704999949,48.58869049700007],[-2.577056443999936,48.582464911000045],[-2.6006973949999406,48.55760325700004],[-2.620025193999936,48.54360586100006],[-2.636341925999943,48.53880442900004],[-2.676136847999942,48.540228583000044],[-2.6802465489999463,48.53278229400007],[-2.679676886999914,48.51837799700007],[-2.682362433999913,48.509019273000035],[-2.696278449999909,48.51666901200008],[-2.71312415299991,48.53009674700007],[-2.7227270169999542,48.533636786000045],[-2.734486456999946,48.53400299700007],[-2.726673956999946,48.53896719000005],[-2.7210180329999503,48.544623114000046],[-2.716949022999927,48.55170319200005],[-2.714019334999932,48.56073639500005],[-2.7710668609999516,48.57916901200008],[-2.795033331999946,48.59125397300005],[-2.8080134759999282,48.59560781500005],[-2.8129776679999168,48.59857819200005],[-2.816395636999914,48.60492584800005],[-2.811431443999936,48.614569403000075],[-2.8170466789999296,48.62767161700003],[-2.826975063999953,48.657538153000075],[-2.8920792309999115,48.69476959800005],[-2.89867102799991,48.704779364000046],[-2.913970506999931,48.716498114000046],[-2.9320369129999335,48.72695547100005],[-2.9466853509999282,48.73322174700007],[-2.9466853509999282,48.739488023000035],[-2.9330948559999115,48.74632396000004],[-2.9344376289999445,48.759100653000075],[-2.9330948559999115,48.76740143400008],[-2.9529516269999476,48.77228424700007],[-3.003651495999918,48.773871161000045],[-3.029286261999914,48.780462958000044],[-3.0423884759999282,48.78790924700007],[-3.0423884759999282,48.794134833000044],[-3.025502081999946,48.80292389500005],[-3.008168097999942,48.807806708000044],[-3.009388800999943,48.813706773000035],[-3.0156957669999542,48.81460195500006],[-3.008168097999942,48.82143789300005],[-3.0182185539999296,48.82697174700007],[-3.0287166009999282,48.82880280200004],[-3.03929602799991,48.82697174700007],[-3.049183722999942,48.82143789300005],[-3.065500454999949,48.82396067900004],[-3.085031704999949,48.80499909100007],[-3.1180313789999445,48.75995514500005],[-3.1254776679999168,48.75995514500005],[-3.1254776679999168,48.76740143400008],[-3.1040746739999463,48.78620026200008],[-3.0975235669999392,48.794134833000044],[-3.0846248039999296,48.82013580900008],[-3.077056443999936,48.82827383000006],[-3.090728318999936,48.83567942900004],[-3.090728318999936,48.84194570500006],[-3.083729620999918,48.85171133000006],[-3.084339972999942,48.862209377000056],[-3.091460740999935,48.87128327000005],[-3.10374915299991,48.876654364000046],[-3.1164444649999155,48.87409088700008],[-3.13499915299991,48.85919830900008],[-3.1453751289999445,48.86237213700008],[-3.154204881999931,48.85492584800005],[-3.1788223949999406,48.841009833000044],[-3.208729620999918,48.81635163000004],[-3.2168676419999542,48.80678945500006],[-3.2205297519999476,48.794134833000044],[-3.225575324999909,48.800482489000046],[-3.2278946609999366,48.807806708000044],[-3.214955206999946,48.81785716400009],[-3.207753058999913,48.835923570000034],[-3.207142706999946,48.85541413000004],[-3.213612433999913,48.86981842700004],[-3.2297257149999155,48.872259833000044],[-3.259510870999918,48.847723700000074],[-3.2757869129999335,48.84935130400004],[-3.287464972999942,48.843451239000046],[-3.371815558999913,48.82249583500004],[-3.378651495999918,48.81932200700004],[-3.3887426419999542,48.81118398600006],[-3.397613084999932,48.80731842700004],[-3.409901495999918,48.80654531500005],[-3.433338995999918,48.807806708000044],[-3.428089972999942,48.815741278000075],[-3.4197485019999476,48.82143789300005],[-3.433583136999914,48.82221100500004],[-3.4681290359999366,48.83567942900004],[-3.4998266269999476,48.83698151200008],[-3.5091853509999282,48.84194570500006],[-3.515288865999935,48.84194570500006],[-3.5208634109999366,48.833644924000055],[-3.542591925999943,48.807806708000044],[-3.5714005199999406,48.79905833500004],[-3.5815323559999115,48.79059479400007],[-3.5773819649999155,48.77423737200007],[-3.5428360669999392,48.74567291900007],[-3.528309699999909,48.739488023000035],[-3.5804744129999335,48.73322174700007],[-3.5845434239999463,48.72638580900008],[-3.5804744129999335,48.71108633000006],[-3.57054602799991,48.68797435100004],[-3.584787563999953,48.682806708000044],[-3.614003058999913,48.68268463700008],[-3.6385391919999392,48.68781159100007],[-3.6381729809999115,48.704738674000055],[-3.673817511999914,48.69822825700004],[-3.6866348949999406,48.698553778000075],[-3.697865363999938,48.702337958000044],[-3.720855272999927,48.716009833000044],[-3.7319229809999115,48.71898021000004],[-3.7784317699999406,48.71735260600008],[-3.79710852799991,48.72117747600004],[-3.8101293609999516,48.73322174700007],[-3.810454881999931,48.72150299700007],[-3.812652147999927,48.71674225500004],[-3.8169652989999463,48.712144273000035],[-3.829253709999932,48.718451239000046],[-3.8371475899999155,48.70726146000004],[-3.84007727799991,48.68805573100008],[-3.8374731109999516,48.67059967700004],[-3.8485001289999445,48.679022528000075],[-3.851714647999927,48.684881903000075],[-3.8578995429999168,48.684881903000075],[-3.852447068999936,48.66453685100004],[-3.8489477199999556,48.656317450000074],[-3.8443090489999463,48.650091864000046],[-3.851714647999927,48.64325592700004],[-3.8443090489999463,48.63646067900004],[-3.851714647999927,48.62962474200003],[-3.8646541009999282,48.64101797100005],[-3.894195115999935,48.653550523000035],[-3.9063207669999542,48.66437409100007],[-3.9063207669999542,48.67059967700004],[-3.8919978509999282,48.67804596600007],[-3.9119360019999476,48.68121979400007],[-3.926584438999953,48.67617422100005],[-3.954741990999935,48.657538153000075],[-3.9495336579999503,48.66933828300006],[-3.9510391919999392,48.679388739000046],[-3.957753058999913,48.686835028000075],[-3.967762824999909,48.691107489000046],[-3.967762824999909,48.698553778000075],[-3.9610082669999542,48.698553778000075],[-3.9610082669999542,48.704738674000055],[-3.9727270169999542,48.70770905200004],[-3.9738663399999155,48.71279531500005],[-3.9702856109999516,48.720038153000075],[-3.967762824999909,48.72955963700008],[-3.9739884109999366,48.73281484600005],[-4.009348110999952,48.725816148000035],[-4.0305069649999155,48.71702708500004],[-4.056548631999931,48.712144273000035],[-4.052642381999931,48.70307038000004],[-4.053293423999946,48.69554271000004],[-4.057362433999913,48.68960195500006],[-4.064035610999952,48.684881903000075],[-4.070220506999931,48.684881903000075],[-4.074330206999946,48.692287502000056],[-4.079253709999932,48.696926174000055],[-4.084787563999953,48.69717031500005],[-4.0906876289999445,48.691107489000046],[-4.1087133449999556,48.698146877000056],[-4.131459113999938,48.69916413000004],[-4.154652472999942,48.69623444200005],[-4.173898891999954,48.691107489000046],[-4.190581834999932,48.68305084800005],[-4.207753058999913,48.67137278900009],[-4.213002081999946,48.66120026200008],[-4.1937556629999335,48.657538153000075],[-4.1937556629999335,48.650091864000046],[-4.207142706999946,48.64996979400007],[-4.2298070949999556,48.655951239000046],[-4.242054816999939,48.657538153000075],[-4.2525935539999296,48.655462958000044],[-4.283111131999931,48.64325592700004],[-4.306507941999939,48.64154694200005],[-4.29914303299995,48.66364166900007],[-4.317290818999936,48.67804596600007],[-4.3432511059999115,48.67885976800005],[-4.370228644999941,48.67182038000004],[-4.398060675999943,48.66095612200007],[-4.426503058999913,48.657538153000075],[-4.426503058999913,48.650091864000046],[-4.420399542999917,48.648871161000045],[-4.406605597999942,48.64325592700004],[-4.429798956999946,48.64280833500004],[-4.462880011999914,48.63231028900009],[-4.485463019999941,48.62962474200003],[-4.563628709999932,48.62962474200003],[-4.563628709999932,48.62343984600005],[-4.554798956999946,48.61969635600008],[-4.552601691999939,48.616522528000075],[-4.5574845039999445,48.60911692900004],[-4.5301407539999445,48.60171133000006],[-4.548817511999914,48.601223049000055],[-4.594634568999936,48.60911692900004],[-4.60773678299995,48.60301341400009],[-4.600493943999936,48.58934153900009],[-4.577259894999941,48.56818268400008],[-4.589833136999914,48.565741278000075],[-4.623036261999914,48.578192450000074],[-4.642486131999931,48.58185455900008],[-4.673451300999943,48.57957591400009],[-4.692290818999936,48.575506903000075],[-4.7082413399999155,48.56818268400008],[-4.700795050999943,48.56073639500005],[-4.7115779289999296,48.563666083000044],[-4.7219945949999556,48.56818268400008],[-4.739898240999935,48.55072663000004],[-4.764556443999936,48.52020905200004],[-4.7746475899999155,48.49127838700008],[-4.7492569649999155,48.47882721600007],[-4.7492569649999155,48.47260163000004],[-4.768055792999917,48.46865469000005],[-4.779855923999946,48.45490143400008],[-4.784901495999918,48.43618398600006],[-4.783355272999927,48.41738515800006],[-4.766346808999913,48.39044830900008],[-4.764759894999941,48.37763092700004],[-4.783355272999927,48.37641022300005],[-4.777170376999948,48.35561758000006],[-4.768381313999953,48.345404364000046],[-4.754994269999941,48.34198639500005],[-4.704497850999928,48.34162018400008],[-4.695668097999942,48.344956773000035],[-4.694081183999913,48.359442450000074],[-4.690541144999941,48.36273834800005],[-4.6711319649999155,48.360581773000035],[-4.636341925999943,48.35114166900007],[-4.618885870999918,48.34845612200007],[-4.599354620999918,48.35016510600008],[-4.5695694649999155,48.36029694200005],[-4.520619269999941,48.36831289300005],[-4.457508917999917,48.39484284100007],[-4.426503058999913,48.40371328300006],[-4.358957485999952,48.41111888200004],[-4.339019334999932,48.416083075000074],[-4.307728644999941,48.42804596600007],[-4.2899063789999445,48.43158600500004],[-4.385568813999953,48.393744208000044],[-4.396595831999946,48.38776276200008],[-4.453724738999938,48.34162018400008],[-4.453724738999938,48.33539459800005],[-4.426503058999913,48.33885325700004],[-4.415028449999909,48.34292226800005],[-4.406605597999942,48.34845612200007],[-4.399159308999913,48.34162018400008],[-4.4037979809999115,48.339178778000075],[-4.406605597999942,48.33539459800005],[-4.384185350999928,48.33812083500004],[-4.352609829999949,48.352728583000044],[-4.337717251999948,48.34845612200007],[-4.327788865999935,48.357855536000045],[-4.324696417999917,48.36273834800005],[-4.317290818999936,48.36273834800005],[-4.317290818999936,48.35529205900008],[-4.324696417999917,48.35529205900008],[-4.324696417999917,48.34845612200007],[-4.3089900379999335,48.351548570000034],[-4.286284959999932,48.362534898000035],[-4.269398566999939,48.36273834800005],[-4.288685675999943,48.348537502000056],[-4.298491990999935,48.343817450000074],[-4.3031306629999335,48.33958567900004],[-4.303618943999936,48.33539459800005],[-4.316314256999931,48.33079661700003],[-4.324696417999917,48.32172272300005],[-4.27570553299995,48.32485586100006],[-4.2701716789999296,48.31468333500004],[-4.257720506999931,48.31134674700007],[-4.243967251999948,48.31391022300005],[-4.234730597999942,48.32172272300005],[-4.230539516999954,48.309881903000075],[-4.218820766999954,48.30605703300006],[-4.187489386999914,48.307521877000056],[-4.187489386999914,48.300034898000035],[-4.269357876999948,48.288397528000075],[-4.2899063789999445,48.293850002000056],[-4.275217251999948,48.29401276200008],[-4.268950975999928,48.29584381700005],[-4.262603318999936,48.300034898000035],[-4.329701300999943,48.29702383000006],[-4.376861131999931,48.28778717700004],[-4.38898678299995,48.28705475500004],[-4.401966925999943,48.28856028900009],[-4.416371222999942,48.29661692900004],[-4.426503058999913,48.300034898000035],[-4.515533006999931,48.29584381700005],[-4.54320227799991,48.304673570000034],[-4.5301407539999445,48.34162018400008],[-4.546701626999948,48.34682851800005],[-4.559478318999936,48.33869049700007],[-4.577259894999941,48.307521877000056],[-4.5729060539999296,48.29682038000004],[-4.575184699999909,48.29002513200004],[-4.587880011999914,48.28705475500004],[-4.615386522999927,48.291083075000074],[-4.626332160999937,48.28705475500004],[-4.6236873039999296,48.277044989000046],[-4.626332160999937,48.26654694200005],[-4.566273566999939,48.264878648000035],[-4.554066535999937,48.26276276200008],[-4.54718990799995,48.25259023600006],[-4.550933397999927,48.24860260600008],[-4.558664516999954,48.244208075000074],[-4.563628709999932,48.23236725500004],[-4.5611873039999296,48.225043036000045],[-4.555043097999942,48.21653880400004],[-4.543771938999953,48.205064195000034],[-4.548736131999931,48.198431708000044],[-4.5574845039999445,48.17719147300005],[-4.5316462879999335,48.18309153900009],[-4.51398678299995,48.20209381700005],[-4.499989386999914,48.22492096600007],[-4.485463019999941,48.242621161000045],[-4.457630988999938,48.24896881700005],[-4.404367641999954,48.22614166900007],[-4.379261847999942,48.23236725500004],[-4.376861131999931,48.22597890800006],[-4.372425910999937,48.220038153000075],[-4.366118943999936,48.21515534100007],[-4.358225063999953,48.21185944200005],[-4.315825975999928,48.205511786000045],[-4.302357550999943,48.19635651200008],[-4.297352667999917,48.17405833500004],[-4.294341600999928,48.16705963700008],[-4.280181443999936,48.15493398600006],[-4.27570553299995,48.14362213700008],[-4.28538977799991,48.11538320500006],[-4.2899063789999445,48.10822174700007],[-4.304758266999954,48.10407135600008],[-4.361927863999938,48.11570872600004],[-4.683705206999946,48.06732819200005],[-4.689523891999954,48.06883372600004],[-4.697417772999927,48.07489655200004],[-4.700795050999943,48.07477448100008],[-4.704253709999932,48.07123444200005],[-4.706206834999932,48.06391022300005],[-4.716460740999935,48.05023834800005],[-4.721506313999953,48.044134833000044],[-4.728138800999943,48.04059479400007],[-4.6529841789999296,48.02631256700005],[-4.619211391999954,48.02765534100007],[-4.6019587879999335,48.02558014500005],[-4.572010870999918,48.005926825000074],[-4.5589900379999335,48.01068756700005],[-4.546701626999948,48.020738023000035],[-4.533273891999954,48.02631256700005],[-4.523264126999948,48.022691148000035],[-4.434641079999949,47.97565338700008],[-4.38695227799991,47.93406810100004],[-4.371978318999936,47.91583893400008],[-4.362212693999936,47.88857656500005],[-4.347320115999935,47.862941799000055],[-4.343861456999946,47.84511953300006],[-4.347645636999914,47.838324286000045],[-4.36546790299991,47.837103583000044],[-4.371815558999913,47.83445872600004],[-4.3734431629999335,47.82868073100008],[-4.371245897999927,47.81476471600007],[-4.371815558999913,47.80719635600008],[-4.225168423999946,47.802435614000046],[-4.200550910999937,47.80719635600008],[-4.185210740999935,47.813381252000056],[-4.1527400379999335,47.83445872600004],[-4.1527400379999335,47.84198639500005],[-4.180043097999942,47.84198639500005],[-4.180043097999942,47.84821198100008],[-4.173898891999954,47.85504791900007],[-4.188465949999909,47.86212799700007],[-4.185617641999954,47.87441640800006],[-4.171620245999918,47.877020575000074],[-4.1527400379999335,47.85504791900007],[-4.133615688999953,47.86619700700004],[-4.123768683999913,47.86859772300005],[-4.111195441999939,47.86928945500006],[-4.111195441999939,47.87547435100004],[-4.12336178299995,47.883246161000045],[-4.136830206999946,47.896918036000045],[-4.142730272999927,47.91201406500005],[-4.132191535999937,47.923895575000074],[-4.12913977799991,47.90761953300006],[-4.119292772999927,47.891913153000075],[-4.106556769999941,47.880113023000035],[-4.0943904289999296,47.87547435100004],[-4.078236456999946,47.87441640800006],[-4.064930792999917,47.870794989000046],[-4.036691860999952,47.85504791900007],[-4.03156490799995,47.863714911000045],[-4.024037238999938,47.86595286700003],[-4.0140681629999335,47.86627838700008],[-4.001942511999914,47.86928945500006],[-4.005441860999952,47.86050039300005],[-4.0112198559999115,47.85594310100004],[-4.019154425999943,47.85447825700004],[-4.029204881999931,47.85504791900007],[-4.008900519999941,47.851263739000046],[-3.986480272999927,47.86790599200003],[-3.979237433999913,47.88300202000005],[-3.988270636999914,47.90346914300005],[-3.961822068999936,47.89996979400007],[-3.9351293609999516,47.887884833000044],[-3.9163305329999503,47.87335846600007],[-3.9131973949999406,47.86245351800005],[-3.894520636999914,47.85529205900008],[-3.8858536449999406,47.85504791900007],[-3.8899633449999556,47.843451239000046],[-3.886463995999918,47.83746979400007],[-3.872222459999932,47.82831452000005],[-3.8530981109999516,47.804348049000055],[-3.851714647999927,47.80101146000004],[-3.8335668609999516,47.79975006700005],[-3.8111873039999296,47.80292389500005],[-3.7899063789999445,47.80320872600004],[-3.775380011999914,47.79360586100006],[-3.7232152989999463,47.813381252000056],[-3.714588995999918,47.810614325000074],[-3.7061661449999406,47.796942450000074],[-3.6869197259999282,47.792303778000075],[-3.649037238999938,47.79360586100006],[-3.6443985669999392,47.79173411700003],[-3.63304602799991,47.78302643400008],[-3.625152147999927,47.77993398600006],[-3.616851365999935,47.77912018400008],[-3.590972459999932,47.77993398600006],[-3.555653449999909,47.77399323100008],[-3.53929602799991,47.77374909100007],[-3.528309699999909,47.77993398600006],[-3.524484829999949,47.77244700700004],[-3.5091853509999282,47.759426174000055],[-3.494862433999913,47.73895905200004],[-3.464995897999927,47.71303945500006],[-3.460682745999918,47.70758698100008],[-3.446441209999932,47.70457591400009],[-3.3644913399999155,47.718451239000046],[-3.3644913399999155,47.724676825000074],[-3.369252081999946,47.729803778000075],[-3.3754776679999168,47.734035549000055],[-3.383168097999942,47.73704661700003],[-3.3621720039999445,47.74042389500005],[-3.331776495999918,47.75250885600008],[-3.304351365999935,47.77008698100008],[-3.2826228509999282,47.78733958500004],[-3.2826228509999282,47.77993398600006],[-3.2953995429999168,47.77301666900007],[-3.304432745999918,47.76113515800006],[-3.317290818999936,47.73895905200004],[-3.3235570949999556,47.73773834800005],[-3.340565558999913,47.739488023000035],[-3.34398352799991,47.735541083000044],[-3.3451228509999282,47.72125885600008],[-3.349354620999918,47.71906159100007],[-3.3582657539999445,47.718451239000046],[-3.3582657539999445,47.711004950000074],[-3.3162735669999392,47.70807526200008],[-3.298451300999943,47.70384349200003],[-3.2826228509999282,47.697333075000074],[-3.2826228509999282,47.69114817900004],[-3.322417772999927,47.70099518400008],[-3.340199347999942,47.70229726800005],[-3.3582657539999445,47.697333075000074],[-3.3315323559999115,47.69672272300005],[-3.262074347999942,47.68374258000006],[-3.231597459999932,47.66034577000005],[-3.2241918609999516,47.65639883000006],[-3.21507727799991,47.660589911000045],[-3.207142706999946,47.67914459800005],[-3.1931860019999476,47.68374258000006],[-3.207386847999942,47.697333075000074],[-3.1932266919999392,47.69993724200003],[-3.1853735019999476,47.706366278000075],[-3.1783748039999296,47.71002838700008],[-3.1664932929999168,47.70416901200008],[-3.165028449999909,47.70954010600008],[-3.159087693999936,47.711004950000074],[-3.1633194649999155,47.72475820500006],[-3.169667120999918,47.73541901200008],[-3.1791886059999115,47.74274323100008],[-3.1931860019999476,47.74640534100007],[-3.177357550999943,47.74852122600004],[-3.1639298169999392,47.74388255400004],[-3.1531876289999445,47.74201080900008],[-3.1453751289999445,47.75259023600006],[-3.1391495429999168,47.75259023600006],[-3.1391495429999168,47.724676825000074],[-3.1180313789999445,47.732123114000046],[-3.117176886999914,47.71503327000005],[-3.1150610019999476,47.709418036000045],[-3.1111954419999392,47.70416901200008],[-3.186350063999953,47.68060944200005],[-3.198394334999932,47.65257396000004],[-3.2005916009999282,47.63959381700005],[-3.1966853509999282,47.63349030200004],[-3.1664932929999168,47.622259833000044],[-3.1521703769999476,47.61123281500005],[-3.1411840489999463,47.59804922100005],[-3.1341853509999282,47.58075592700004],[-3.1317032539999445,47.55744049700007],[-3.133859829999949,47.54393138200004],[-3.1432185539999296,47.527044989000046],[-3.1453751289999445,47.51609935100004],[-3.1437882149999155,47.507025458000044],[-3.1317032539999445,47.478216864000046],[-3.1254776679999168,47.478216864000046],[-3.119130011999914,47.48261139500005],[-3.0981339179999168,47.47870514500005],[-3.0845434239999463,47.478216864000046],[-3.1067602199999556,47.495794989000046],[-3.12328040299991,47.51898834800005],[-3.128895636999914,47.54759349200003],[-3.1180313789999445,47.581244208000044],[-3.1317032539999445,47.58808014500005],[-3.12328040299991,47.59878164300005],[-3.112049933999913,47.59918854400007],[-3.1004532539999445,47.594183661000045],[-3.090728318999936,47.58808014500005],[-3.10374915299991,47.581244208000044],[-3.089751756999931,47.575506903000075],[-3.073841925999943,47.57648346600007],[-3.0423884759999282,47.58808014500005],[-3.0357966789999296,47.583319403000075],[-3.0156957669999542,47.581244208000044],[-3.02171790299991,47.59454987200007],[-3.0182185539999296,47.60565827000005],[-3.0117895169999542,47.60716380400004],[-3.008168097999942,47.591782945000034],[-3.0034073559999115,47.57868073100008],[-2.9942113919999542,47.57607656500005],[-2.9885961579999503,47.58226146000004],[-2.994496222999942,47.59552643400008],[-2.9809464179999168,47.58734772300005],[-2.9702856109999516,47.57697174700007],[-2.961293097999942,47.57054271000004],[-2.9529516269999476,47.57444896000004],[-2.9399307929999168,47.56077708500004],[-2.9356176419999542,47.567572333000044],[-2.9330948559999115,47.57444896000004],[-2.943511522999927,47.58148834800005],[-2.954701300999943,47.59153880400004],[-2.963612433999913,47.60260651200008],[-2.9671931629999335,47.612616278000075],[-2.9671931629999335,47.63654205900008],[-2.9746801419999542,47.66380442900004],[-2.9671931629999335,47.66380442900004],[-2.964588995999918,47.65143463700008],[-2.957997199999909,47.64215729400007],[-2.94749915299991,47.63690827000005],[-2.9330948559999115,47.63654205900008],[-2.94163977799991,47.63182200700004],[-2.9448136059999115,47.62409088700008],[-2.9437556629999335,47.61395905200004],[-2.9399307929999168,47.60175202000005],[-2.9330948559999115,47.60175202000005],[-2.925689256999931,47.60765208500004],[-2.9126684239999463,47.60919830900008],[-2.9126684239999463,47.60175202000005],[-2.9194229809999115,47.60175202000005],[-2.9194229809999115,47.59552643400008],[-2.886382615999935,47.60101959800005],[-2.8667699859999516,47.60716380400004],[-2.8579809239999463,47.619126695000034],[-2.8477270169999542,47.626166083000044],[-2.796050584999932,47.62986888200004],[-2.775380011999914,47.63654205900008],[-2.7891332669999542,47.64272695500006],[-2.7582087879999335,47.63906484600005],[-2.74632727799991,47.63385651200008],[-2.734486456999946,47.622259833000044],[-2.7544652989999463,47.627020575000074],[-2.775380011999914,47.62909577000005],[-2.725331183999913,47.60736725500004],[-2.7202042309999115,47.60175202000005],[-2.708607550999943,47.60228099200003],[-2.704253709999932,47.60443756700005],[-2.6997777989999463,47.60919830900008],[-2.714019334999932,47.61603424700007],[-2.7015681629999335,47.618353583000044],[-2.6956274079999503,47.62335846600007],[-2.696929490999935,47.629787502000056],[-2.7065323559999115,47.63654205900008],[-2.7065323559999115,47.64272695500006],[-2.6839900379999335,47.62299225500004],[-2.688628709999932,47.604396877000056],[-2.7276505199999406,47.567613023000035],[-2.7202042309999115,47.56077708500004],[-2.7414444649999155,47.55133698100008],[-2.7686661449999406,47.54954661700003],[-2.794016079999949,47.555121161000045],[-2.809559699999909,47.567613023000035],[-2.8152970039999445,47.55296458500004],[-2.816395636999914,47.546535549000055],[-2.8254288399999155,47.55247630400004],[-2.8324275379999335,47.554022528000075],[-2.83812415299991,47.55182526200008],[-2.843658006999931,47.546535549000055],[-2.850575324999909,47.546535549000055],[-2.8653051419999542,47.56663646000004],[-2.892567511999914,47.56659577000005],[-2.909250454999949,47.55841705900008],[-2.8920792309999115,47.553941148000035],[-2.891509568999936,47.54905833500004],[-2.892933722999942,47.54767487200007],[-2.878529425999943,47.54531484600005],[-2.8689672519999476,47.542181708000044],[-2.8648168609999516,47.53685130400004],[-2.861073370999918,47.53583405200004],[-2.843658006999931,47.51239655200004],[-2.830189581999946,47.503607489000046],[-2.817128058999913,47.499212958000044],[-2.8021541009999282,47.498114325000074],[-2.7827856109999516,47.49941640800006],[-2.73070227799991,47.51162344000005],[-2.714019334999932,47.51239655200004],[-2.680734829999949,47.50421784100007],[-2.6671036449999406,47.50958893400008],[-2.6655167309999115,47.53351471600007],[-2.6547745429999168,47.52830638200004],[-2.6430557929999168,47.52643463700008],[-2.617787238999938,47.526678778000075],[-2.619943813999953,47.53339264500005],[-2.623931443999936,47.537176825000074],[-2.6382543609999516,47.540269273000035],[-2.621205206999946,47.543036200000074],[-2.606434699999909,47.54205963700008],[-2.5922745429999168,47.54364655200004],[-2.5768123039999296,47.553941148000035],[-2.5844620429999168,47.54047272300005],[-2.599354620999918,47.52912018400008],[-2.616932745999918,47.52171458500004],[-2.631988084999932,47.51984284100007],[-2.621693488999938,47.51341380400004],[-2.615589972999942,47.51414622600004],[-2.6098526679999168,47.51772695500006],[-2.6006973949999406,47.51984284100007],[-2.563221808999913,47.51984284100007],[-2.5305069649999155,47.52724844000005],[-2.517486131999931,47.52838776200008],[-2.501698370999918,47.526678778000075],[-2.4253637359999516,47.50617096600007],[-2.407053188999953,47.50604889500005],[-2.3801163399999155,47.50922272300005],[-2.3639216789999296,47.50617096600007],[-2.384673631999931,47.507147528000075],[-2.4212133449999556,47.50023021000004],[-2.4836319649999155,47.49795156500005],[-2.494740363999938,47.49119700700004],[-2.480620897999927,47.478216864000046],[-2.4889216789999296,47.45917389500005],[-2.476185675999943,47.45376211100006],[-2.45531165299991,47.45221588700008],[-2.4390356109999516,47.44476959800005],[-2.448150193999936,47.43060944200005],[-2.431752081999946,47.42617422100005],[-2.407134568999936,47.42572663000004],[-2.3918350899999155,47.42365143400008],[-2.3950089179999168,47.41697825700004],[-2.429432745999918,47.40387604400007],[-2.4390356109999516,47.39630768400008],[-2.4464005199999406,47.40253327000005],[-2.441029425999943,47.40444570500006],[-2.4390356109999516,47.40997955900008],[-2.455799933999913,47.412176825000074],[-2.4661352199999556,47.415228583000044],[-2.47679602799991,47.415676174000055],[-2.556385870999918,47.383246161000045],[-2.514800584999932,47.364935614000046],[-2.5033259759999282,47.349595445000034],[-2.501698370999918,47.32062409100007],[-2.494252081999946,47.32062409100007],[-2.4889216789999296,47.33038971600007],[-2.4893692699999406,47.334418036000045],[-2.494252081999946,47.34174225500004],[-2.480620897999927,47.34788646000004],[-2.465443488999938,47.33380768400008],[-2.4453832669999542,47.320379950000074],[-2.4361873039999296,47.30703359600005],[-2.45335852799991,47.29328034100007],[-2.4760636059999115,47.290676174000055],[-2.5190323559999115,47.30463288000004],[-2.541981574999909,47.30695221600007],[-2.541981574999909,47.300116278000075],[-2.448394334999932,47.26658763200004],[-2.4191788399999155,47.26601797100005],[-2.4165746739999463,47.27496979400007],[-2.412831183999913,47.28172435100004],[-2.404896613999938,47.286444403000075],[-2.3880916009999282,47.28790924700007],[-2.3714086579999503,47.286444403000075],[-2.3553360669999392,47.28009674700007],[-2.330962693999936,47.26080963700008],[-2.316070115999935,47.251654364000046],[-2.2980850899999155,47.24664948100008],[-2.278391079999949,47.24640534100007],[-2.259429490999935,47.251613674000055],[-2.236073370999918,47.26748281500005],[-2.2062882149999155,47.273423570000034],[-2.1959529289999296,47.27993398600006],[-2.1795548169999392,47.300116278000075],[-2.148101365999935,47.31321849200003],[-2.010121222999942,47.31972890800006],[-1.9721573559999115,47.312160549000055],[-1.9581599599999322,47.302394924000055],[-1.9492895169999542,47.300116278000075],[-1.9256892569999309,47.298488674000055],[-1.9056290359999366,47.29393138200004],[-1.8711645169999542,47.27968984600005],[-1.8359268869999141,47.259751695000034],[-1.8056534499999088,47.235256252000056],[-1.7882380849999322,47.22557200700004],[-1.7472224599999322,47.219916083000044],[-1.7270401679999168,47.21076080900008],[-1.780995245999918,47.21198151200008],[-1.8039444649999155,47.21898021000004],[-1.8260798819999309,47.235256252000056],[-1.8362524079999503,47.239935614000046],[-1.8778376939999362,47.24551015800006],[-1.9188533189999362,47.26601797100005],[-1.9188533189999362,47.273423570000034],[-1.8984268869999141,47.273423570000034],[-1.9073380199999406,47.27993398600006],[-1.917062954999949,47.28416575700004],[-1.9278051419999542,47.286322333000044],[-1.9393611319999309,47.286444403000075],[-1.9324845039999445,47.27968984600005],[-1.947865363999938,47.279364325000074],[-1.9991348949999406,47.28856028900009],[-2.014556443999936,47.300116278000075],[-2.0219620429999168,47.299261786000045],[-2.0356339179999168,47.29328034100007],[-2.127674933999913,47.286810614000046],[-2.1516820949999556,47.27968984600005],[-2.1605525379999335,47.271185614000046],[-2.166981574999909,47.25922272300005],[-2.170887824999909,47.24632396000004],[-2.17210852799991,47.235256252000056],[-2.1693009109999366,47.22016022300005],[-2.1586807929999168,47.20449453300006],[-2.159087693999936,47.19086334800005],[-2.162098761999914,47.17601146000004],[-2.165191209999932,47.16787344000005],[-2.172840949999909,47.16437409100007],[-2.2053930329999503,47.16120026200008],[-2.241118943999936,47.14248281500005],[-2.2054744129999335,47.12909577000005],[-2.0901586579999503,47.11517975500004],[-2.030018683999913,47.09210846600007],[-2.014556443999936,47.08161041900007],[-2.0037735669999392,47.070013739000046],[-1.9925837879999335,47.05231354400007],[-1.9907120429999168,47.03538646000004],[-2.0082901679999168,47.02635325700004],[-2.0201716789999296,47.00861237200007],[-2.037017381999931,46.97256094000005],[-2.0492244129999335,46.957464911000045],[-2.0874731109999516,46.94122955900008],[-2.102162238999938,46.93065013200004],[-2.0963435539999296,46.91648997600004],[-2.121978318999936,46.90371328300006],[-2.1287735669999392,46.893459377000056],[-2.1312556629999335,46.87181224200003],[-2.130034959999932,46.854681708000044],[-2.1260880199999406,46.835598049000055],[-2.118763800999943,46.819973049000055],[-2.107167120999918,46.81346263200004],[-2.0812882149999155,46.80735911700003],[-2.0502823559999115,46.79205963700008],[-1.9946182929999168,46.752020575000074],[-1.964995897999927,46.71039459800005],[-1.9564509759999282,46.704291083000044],[-1.9400121739999463,46.70307038000004],[-1.9231664699999556,46.69916413000004],[-1.909901495999918,46.69179922100005],[-1.8997696609999366,46.66624583500004],[-1.8878067699999406,46.65656159100007],[-1.8724259109999366,46.64740631700005],[-1.8574112619999141,46.63532135600008],[-1.8512263659999348,46.62372467700004],[-1.8465876939999362,46.610256252000056],[-1.838693813999953,46.59906647300005],[-1.8226619129999335,46.59438711100006],[-1.8270564439999362,46.57697174700007],[-1.8047989569999459,46.503607489000046],[-1.7953995429999168,46.49453359600005],[-1.7860001289999445,46.49095286700003],[-1.7817276679999168,46.495428778000075],[-1.7830704419999392,46.50413646000004],[-1.7888891269999476,46.52045319200005],[-1.7891739569999459,46.53294505400004],[-1.779652472999942,46.52212148600006],[-1.7684220039999445,46.50023021000004],[-1.7611384759999282,46.49201080900008],[-1.7486059239999463,46.48655833500004],[-1.7202856109999516,46.48126862200007],[-1.6867569649999155,46.46088288000004],[-1.6334529289999296,46.454291083000044],[-1.6171768869999141,46.44354889500005],[-1.6256404289999296,46.43113841400009],[-1.5987849599999322,46.425034898000035],[-1.5318904289999296,46.423081773000035],[-1.5044652989999463,46.41933828300006],[-1.4814346999999088,46.408189195000034],[-1.4654841789999296,46.389960028000075],[-1.459584113999938,46.36473216400009],[-1.4487198559999115,46.343410549000055],[-1.4233292309999115,46.34247467700004],[-1.3702286449999406,46.35419342700004],[-1.3568416009999282,46.35032786700003],[-1.3342179029999102,46.33673737200007],[-1.3034561839999128,46.323879299000055],[-1.2774145169999542,46.319525458000044],[-1.2591853509999282,46.300441799000055],[-1.2401016919999392,46.28424713700008],[-1.2132055329999503,46.27912018400008],[-1.2143448559999115,46.31069570500006],[-1.1772354809999115,46.326157945000034],[-1.1324763659999348,46.32412344000005],[-1.1107478509999282,46.30267975500004],[-1.108021613999938,46.28851959800005],[-1.1035050119999141,46.28001536700003],[-1.1026505199999406,46.27195872600004],[-1.1107478509999282,46.25922272300005],[-1.1795955069999309,46.22947825700004],[-1.1905411449999406,46.21629466400009],[-1.1851700509999432,46.19717031500005],[-1.1944880849999322,46.19277578300006],[-1.2044164699999556,46.18431224200003],[-1.2108048169999392,46.17454661700003],[-1.2097061839999128,46.16616445500006],[-1.2001846999999088,46.15912506700005],[-1.1916397779999102,46.15794505400004],[-1.1826065749999088,46.15839264500005],[-1.172230597999942,46.15619538000004],[-1.1517227859999366,46.15619538000004],[-1.150542772999927,46.15326569200005],[-1.152088995999918,46.143866278000075],[-1.140370245999918,46.14057038000004],[-1.1170141269999476,46.128241278000075],[-1.1288956369999141,46.12006256700005],[-1.1290177069999459,46.11579010600008],[-1.1135961579999503,46.10614655200004],[-1.0970352859999366,46.101548570000034],[-1.0956925119999141,46.097723700000074],[-1.0960180329999503,46.08836497600004],[-1.0887345039999445,46.07477448100008],[-1.0877579419999392,46.06468333500004],[-1.0842179029999102,46.05654531500005],[-1.0651749339999128,46.05158112200007],[-1.0585831369999141,46.04791901200008],[-1.0486954419999392,46.03880442900004],[-1.0486954419999392,46.03266022300005],[-1.0597224599999322,46.01577383000006],[-1.0729874339999128,46.007473049000055],[-1.0897517569999309,46.00820547100005],[-1.1107478509999282,46.01837799700007],[-1.0965876939999362,45.98541901200008],[-1.0855606759999432,45.971991278000075],[-1.069162563999953,45.96434153900009],[-1.0897517569999309,45.95075104400007],[-1.0834854809999115,45.945379950000074],[-1.076324022999927,45.936712958000044],[-1.0704239569999459,45.92633698100008],[-1.069162563999953,45.91596100500004],[-1.0733536449999406,45.904364325000074],[-1.0797419909999348,45.902004299000055],[-1.0877579419999392,45.903225002000056],[-1.0970352859999366,45.90228913000004],[-1.1125382149999155,45.89565664300005],[-1.1237686839999128,45.888657945000034],[-1.1406143869999141,45.872300523000035],[-1.1517227859999366,45.86815013200004],[-1.1432185539999296,45.85773346600007],[-1.1365860669999392,45.84324778900009],[-1.1321508449999556,45.82831452000005],[-1.1306860019999476,45.81671784100007],[-1.125355597999942,45.80768463700008],[-1.0994766919999392,45.786037502000056],[-1.0096329419999392,45.73517487200007],[-0.9871720039999445,45.71735260600008],[-1.057240363999938,45.740220445000034],[-1.069162563999953,45.748114325000074],[-1.0805557929999168,45.75340403900009],[-1.144276495999918,45.80609772300005],[-1.163807745999918,45.806708075000074],[-1.2302953769999476,45.79242584800005],[-1.2301326159999348,45.77960846600007],[-1.2473038399999155,45.70990631700005],[-1.2293595039999445,45.704779364000046],[-1.1942032539999445,45.710191148000035],[-1.1756078769999476,45.70026276200008],[-1.1634415359999366,45.68895091400009],[-1.1493220689999362,45.678900458000044],[-1.1328018869999141,45.67169830900008],[-1.1139216789999296,45.66893138200004],[-1.0838110019999476,45.66038646000004],[-1.0302628249999088,45.62287018400008],[-0.9972224599999322,45.61432526200008],[-0.9908748039999296,45.61005280200004],[-0.9868871739999463,45.59125397300005],[-0.9835098949999406,45.58698151200008],[-0.8417862619999141,45.514553127000056],[-0.7954809239999463,45.47711823100008],[-0.7731013659999348,45.45209381700005],[-0.7530411449999406,45.42405833500004],[-0.7197159499999088,45.36107005400004],[-0.7066544259999432,45.32241445500006],[-0.6686905589999128,45.13080475500004],[-0.6559952459999181,45.09910716400009],[-0.6377660799999489,45.07306549700007],[-0.6021622389999379,45.05345286700003],[-0.5587458979999269,45.04344310100004],[-0.5189509759999282,45.02944570500006],[-0.4937638009999432,44.99799225500004],[-0.5164281889999529,45.011379299000055],[-0.5394180979999419,45.019517320000034],[-0.5652970039999445,45.02358633000006],[-0.5961807929999168,45.024644273000035],[-0.5725805329999503,45.01430898600006],[-0.5503637359999516,44.99819570500006],[-0.5389705069999309,44.97650788000004],[-0.5484513009999432,44.94953034100007],[-0.5423884759999282,44.937201239000046],[-0.5386449859999516,44.90875885600008],[-0.5346573559999115,44.894964911000045],[-0.5481664699999556,44.90228913000004],[-0.5565079419999392,44.91852448100008],[-0.5608617829999503,44.93927643400008],[-0.5620824859999516,44.960150458000044],[-0.5591934889999379,44.97614166900007],[-0.5606990229999269,44.98541901200008],[-0.5689591139999379,44.99799225500004],[-0.5777888659999348,45.005072333000044],[-0.6098526679999168,45.018459377000056],[-0.6481827459999181,45.044907945000034],[-0.6821996739999463,45.07648346600007],[-0.7159724599999322,45.13450755400004],[-0.7200414699999556,45.14594147300005],[-0.7386775379999335,45.238714911000045],[-0.7519425119999141,45.27594635600008],[-0.7545059889999379,45.29588450700004],[-0.7661840489999463,45.32607656500005],[-0.7941788399999155,45.35541413000004],[-0.9152725899999155,45.450425523000035],[-0.9307755199999406,45.45380280200004],[-0.9729711579999503,45.47052643400008],[-1.0399470689999362,45.50726959800005],[-1.0486954419999392,45.51504140800006],[-1.0592341789999296,45.527044989000046],[-1.0623266269999476,45.532416083000044],[-1.0623266269999476,45.53774648600006],[-1.0573624339999128,45.54633209800005],[-1.0562231109999516,45.56513092700004],[-1.0585831369999141,45.569647528000075],[-1.069162563999953,45.57330963700008],[-1.0852758449999556,45.56903717700004],[-1.0995987619999141,45.55353424700007],[-1.1336970689999362,45.50482819200005],[-1.1399633449999556,45.49005768400008],[-1.1578669909999348,45.27912018400008],[-1.1994522779999102,45.12083567900004],[-1.260365363999938,44.62742747600004],[-1.2538142569999309,44.638657945000034],[-1.244943813999953,44.66274648600006],[-1.2336319649999155,44.70685455900008],[-1.1885880199999406,44.755845445000034],[-1.1797582669999542,44.766913153000075],[-1.1765030589999128,44.77521393400008],[-1.172230597999942,44.77826569200005],[-1.1653539699999556,44.77871328300006],[-1.156402147999927,44.773423570000034],[-1.1408585279999102,44.76813385600008],[-1.0652970039999445,44.71747467700004],[-1.055490688999953,44.703192450000074],[-1.069162563999953,44.703192450000074],[-1.0444229809999115,44.68463776200008],[-1.0447485019999476,44.66941966400009],[-1.0650121739999463,44.65912506700005],[-1.100209113999938,44.65534088700008],[-1.1614477199999556,44.66616445500006],[-1.1865128249999088,44.66547272300005],[-1.2062882149999155,44.64789459800005],[-1.2241918609999516,44.601996161000045],[-1.2268774079999503,44.589911200000074],[-1.2307836579999503,44.58356354400007],[-1.2572322259999282,44.55605703300006],[-1.2582901679999168,44.54755280200004],[-1.249745245999918,44.519232489000046],[-1.2473038399999155,44.50454336100006],[-1.2541397779999102,44.44245026200008],[-1.2815649079999503,44.30219147300005],[-1.3460994129999335,44.019191799000055],[-1.3811742829999503,43.88959381700005],[-1.4049373039999296,43.83234284100007],[-1.4459529289999296,43.66844310100004],[-1.4700414699999556,43.61151764500005],[-1.4768774079999503,43.580064195000034],[-1.5063370429999168,43.550116278000075],[-1.5139867829999503,43.53864166900007],[-1.5620824859999516,43.493394273000035],[-1.5663956369999141,43.48216380400004],[-1.588042772999927,43.451157945000034],[-1.596750454999949,43.44253164300005],[-1.6154679029999102,43.43256256700005],[-1.6378067699999406,43.42377350500004],[-1.6610001289999445,43.399684963000084],[-1.7496231759999432,43.38922760600008],[-1.7679744129999335,43.38361237200007],[-1.7755020819999459,43.376166083000044],[-1.8112686839999128,43.39508698100008],[-1.847401495999918,43.380926825000074],[-1.884917772999927,43.35602448100008],[-1.9256892569999309,43.342637437000064],[-1.904652472999942,43.32843659100007],[-1.9186905589999128,43.32099030200004],[-1.926584438999953,43.325873114000046],[-1.9337052069999459,43.335638739000046],[-1.9456274079999503,43.342637437000064],[-1.9603572259999282,43.343085028000075],[-1.9717911449999406,43.33921946800007],[-1.9946182929999168,43.32843659100007],[-2.0655411449999406,43.30959707200009],[-2.0864151679999168,43.30723704600007],[-2.0988663399999155,43.30414459800005],[-2.1277970039999445,43.28742096600007],[-2.1348363919999542,43.289577541000085],[-2.1400447259999282,43.298895575000074],[-2.1448461579999503,43.30109284100007],[-2.151519334999932,43.299994208000044],[-2.162220831999946,43.294256903000075],[-2.1744685539999296,43.29743073100008],[-2.190419074999909,43.31159088700008],[-2.196278449999909,43.31476471600007],[-2.2078751289999445,43.31399160400008],[-2.241118943999936,43.30723704600007],[-2.2846573559999115,43.30349355700008],[-2.327056443999936,43.30683014500005],[-2.36742102799991,43.315700588000084],[-2.4644262359999516,43.34922923400006],[-2.4835098949999406,43.37063222900008],[-2.506011522999927,43.37714264500005],[-2.5488988919999542,43.38361237200007],[-2.6069229809999115,43.40188222900008],[-2.6380916009999282,43.405951239000046],[-2.661203579999949,43.41193268400008],[-2.6729630199999406,43.41034577000005],[-2.6778051419999542,43.40619538000004],[-2.6792699859999516,43.389837958000044],[-2.6870011059999115,43.37144603100006],[-2.691029425999943,43.36753978100006],[-2.694935675999943,43.38861725500004],[-2.7065323559999115,43.41368235900006],[-2.715199347999942,43.42450592700004],[-2.7349340489999463,43.438788153000075],[-2.755848761999914,43.45026276200008],[-2.768625454999949,43.45250071800007],[-2.806996222999942,43.44167715100008],[-2.854237433999913,43.43825918200008],[-2.905262824999909,43.439886786000045],[-2.9300837879999335,43.437933661000045],[-2.9466853509999282,43.43077220300006],[-2.9466853509999282,43.42458730700008],[-2.9399307929999168,43.42458730700008],[-2.9399307929999168,43.41710032800006],[-2.9559220039999445,43.41384511900009],[-2.9994197259999282,43.39435455900008],[-3.0109757149999155,43.38414134300007],[-3.024322068999936,43.380926825000074],[-3.029286261999914,43.376166083000044],[-3.029286261999914,43.37213776200008],[-3.023426886999914,43.364935614000046],[-3.0200089179999168,43.35256582200009],[-3.008168097999942,43.32843659100007],[-3.008168097999942,43.32090892100007],[-3.0578507149999155,43.35236237200007],[-3.089507615999935,43.366888739000046],[-3.112375454999949,43.35407135600008],[-3.1314998039999296,43.35578034100007],[-3.176909959999932,43.36623769700009],[-3.200021938999953,43.38552480700008],[-3.2105199859999516,43.389837958000044],[-3.223540818999936,43.39162832200009],[-3.2689509759999282,43.40412018400008],[-3.33031165299991,43.41034577000005],[-3.3780411449999406,43.42255280200004],[-3.392486131999931,43.42458730700008],[-3.422230597999942,43.418076890000066],[-3.4361873039999296,43.41901276200008],[-3.447010870999918,43.43077220300006],[-3.461089647999927,43.41246165600006],[-3.470448370999918,43.41677480700008],[-3.4818009109999366,43.42804596600007],[-3.501698370999918,43.43077220300006],[-3.4858292309999115,43.437567450000074],[-3.4777725899999155,43.443060614000046],[-3.4700414699999556,43.45416901200008],[-3.460601365999935,43.45221588700008],[-3.447010870999918,43.44509511900009],[-3.4388728509999282,43.446559963000084],[-3.432606574999909,43.445420640000066],[-3.428618943999936,43.44684479400007],[-3.4271541009999282,43.45563385600008],[-3.4282934239999463,43.46173737200007],[-3.4315079419999392,43.466864325000074],[-3.4366348949999406,43.47048574400009],[-3.5053604809999115,43.47919342700004],[-3.514719204999949,43.48322174700007],[-3.52562415299991,43.49164459800005],[-3.539051886999914,43.49896881700005],[-3.556263800999943,43.499701239000046],[-3.554351365999935,43.516913153000075],[-3.5794164699999556,43.51825592700004],[-3.6560766269999476,43.50067780200004],[-3.667062954999949,43.49664948100008],[-3.6769913399999155,43.489447333000044],[-3.688384568999936,43.48423899900007],[-3.717925584999932,43.48273346600007],[-3.728871222999942,43.47919342700004],[-3.721424933999913,43.47174713700008],[-3.727162238999938,43.47052643400008],[-3.728871222999942,43.46552155200004],[-3.7415258449999556,43.47024160400008],[-3.755523240999935,43.47174713700008],[-3.755523240999935,43.46552155200004],[-3.7488907539999445,43.46072011900009],[-3.7430313789999445,43.45136139500005],[-3.7407120429999168,43.44232819200005],[-3.7449845039999445,43.43825918200008],[-3.75413977799991,43.44049713700008],[-3.7634985019999476,43.45026276200008],[-3.772287563999953,43.45250071800007],[-3.7895401679999168,43.43585846600007],[-3.796498175999943,43.43077220300006],[-3.8111873039999296,43.425482489000046],[-3.820220506999931,43.424261786000045],[-3.8312882149999155,43.42458730700008],[-3.8315323559999115,43.42906321800007],[-3.823841925999943,43.43077220300006],[-3.8338516919999392,43.43589915600006],[-3.8443090489999463,43.44509511900009],[-3.830962693999936,43.45600006700005],[-3.812652147999927,43.46487051000008],[-3.769154425999943,43.47919342700004],[-3.797027147999927,43.49274323100008],[-3.8267309239999463,43.49701569200005],[-3.8568009109999366,43.49237702000005],[-3.8858536449999406,43.47919342700004],[-3.8937882149999155,43.484890041000085],[-3.9063207669999542,43.47919342700004],[-3.9227188789999445,43.48261139500005],[-3.940052863999938,43.47711823100008],[-3.974598761999914,43.45876699400009],[-3.974598761999914,43.45250071800007],[-3.9610082669999542,43.44509511900009],[-3.976470506999931,43.44293854400007],[-3.981434699999909,43.43825918200008],[-4.005686001999948,43.45079173400006],[-4.012766079999949,43.45250071800007],[-4.020904100999928,43.450384833000044],[-4.023426886999914,43.44094472900008],[-4.029204881999931,43.43825918200008],[-4.073963995999918,43.43825918200008],[-4.097727016999954,43.435614325000074],[-4.160959438999953,43.421169338000084],[-4.188588019999941,43.40538157800006],[-4.31281490799995,43.395778713000084],[-4.359364386999914,43.399684963000084],[-4.368763800999943,43.396185614000046],[-4.379261847999942,43.38361237200007],[-4.385568813999953,43.38361237200007],[-4.404896613999938,43.396999416000085],[-4.432525193999936,43.40261465100008],[-4.460804816999939,43.39870840100008],[-4.4816788399999155,43.38361237200007],[-4.508168097999942,43.402451890000066],[-4.734934048999946,43.41710032800006],[-4.754994269999941,43.42165761900009],[-4.836537238999938,43.44977448100008],[-4.907622850999928,43.460638739000046],[-4.930246548999946,43.46950918200008],[-4.941029425999943,43.47174713700008],[-4.952544725999928,43.47007884300007],[-4.96711178299995,43.46088288000004],[-4.975168423999946,43.45876699400009],[-5.045033331999946,43.474310614000046],[-5.0570369129999335,43.46861399900007],[-5.0676977199999556,43.48139069200005],[-5.091664191999939,43.48627350500004],[-5.177886522999927,43.48936595300006],[-5.211903449999909,43.49835846600007],[-5.284006313999953,43.53347402600008],[-5.299875454999949,43.53766510600008],[-5.341949022999927,43.54063548400006],[-5.356800910999937,43.53860097900008],[-5.362212693999936,43.53339264500005],[-5.365101691999939,43.52671946800007],[-5.372425910999937,43.52020905200004],[-5.382639126999948,43.51638418200008],[-5.403675910999937,43.51109446800007],[-5.413929816999939,43.50653717700004],[-5.420806443999936,43.513373114000046],[-5.4035538399999155,43.52541738500008],[-5.390736456999946,43.54132721600007],[-5.3938695949999556,43.55524323100008],[-5.4242244129999335,43.56114329600007],[-5.5,43.55881597984636],[-5.5,41.3]]],[[[-5.5,50.12864970970075],[-5.47484290299991,50.13043854400007],[-5.458119269999941,50.125881252000056],[-5.424712693999936,50.11273834800005],[-5.384185350999928,50.10797760600008],[-5.323963995999918,50.089504299000055],[-5.304351365999935,50.08026764500005],[-5.2884008449999556,50.067694403000075],[-5.259755011999914,50.03766510600008],[-5.252674933999913,50.027777411000045],[-5.253041144999941,50.01264069200005],[-5.2495011059999115,50.000067450000074],[-5.245228644999941,49.99310944200005],[-5.240386522999927,49.988348700000074],[-5.210357225999928,49.96674225500004],[-5.200103318999936,49.961371161000045],[-5.191151495999918,49.95913320500006],[-5.176136847999942,49.987941799000055],[-5.146473761999914,50.01056549700007],[-5.139637824999909,50.01439036700003],[-5.127430792999917,50.01544830900008],[-5.107289191999939,50.013006903000075],[-5.0980525379999335,50.01439036700003],[-5.069488084999932,50.042181708000044],[-5.056507941999939,50.060614325000074],[-5.06086178299995,50.06903717700004],[-5.064930792999917,50.07184479400007],[-5.068470831999946,50.085150458000044],[-5.070790167999917,50.089504299000055],[-5.075347459999932,50.09048086100006],[-5.091867641999954,50.089504299000055],[-5.106068488999938,50.09511953300006],[-5.114654100999928,50.09662506700005],[-5.125965949999909,50.09634023600006],[-5.093902147999927,50.105536200000074],[-5.085031704999949,50.10993073100008],[-5.080962693999936,50.117173570000034],[-5.081613735999952,50.12539297100005],[-5.08031165299991,50.13271719000005],[-5.058461066999939,50.14272695500006],[-5.051869269999941,50.144598700000074],[-5.043446417999917,50.14411041900007],[-5.058501756999931,50.155462958000044],[-5.064564581999946,50.15839264500005],[-5.064564581999946,50.16461823100008],[-5.051869269999941,50.17552317900004],[-5.053618943999936,50.18691640800006],[-5.05296790299991,50.19578685100004],[-5.033192511999914,50.19936758000006],[-5.0203751289999445,50.19196198100008],[-5.014556443999936,50.15656159100007],[-5.002430792999917,50.14411041900007],[-4.960682745999918,50.19049713700008],[-4.947255011999914,50.19936758000006],[-4.904774542999917,50.20844147300005],[-4.887318488999938,50.21499258000006],[-4.868723110999952,50.22943756700005],[-4.849720831999946,50.23456452000005],[-4.800160285999937,50.22955963700008],[-4.790150519999941,50.23655833500004],[-4.788441535999937,50.24209219000005],[-4.776519334999932,50.26080963700008],[-4.776519334999932,50.26508209800005],[-4.7818904289999296,50.27179596600007],[-4.783355272999927,50.27789948100008],[-4.779855923999946,50.28432851800005],[-4.771636522999927,50.29157135600008],[-4.755441860999952,50.30174388200004],[-4.755441860999952,50.30923086100006],[-4.763295050999943,50.32208893400008],[-4.752105272999927,50.33030833500004],[-4.731556769999941,50.33466217700004],[-4.7113337879999335,50.33588288000004],[-4.705555792999917,50.337551174000055],[-4.694325324999909,50.343451239000046],[-4.687163865999935,50.34271881700005],[-4.673451300999943,50.31541575700004],[-4.667795376999948,50.315334377000056],[-4.662709113999938,50.31777578300006],[-4.659575975999928,50.32062409100007],[-4.659820115999935,50.322251695000034],[-4.4953507149999155,50.32843659100007],[-4.456206834999932,50.33820221600007],[-4.383697068999936,50.36749909100007],[-4.337717251999948,50.37067291900007],[-4.2523494129999335,50.35639069200005],[-4.235096808999913,50.34955475500004],[-4.225697394999941,50.33539459800005],[-4.214995897999927,50.323146877000056],[-4.1937556629999335,50.322251695000034],[-4.1937556629999335,50.32843659100007],[-4.199126756999931,50.33539459800005],[-4.197987433999913,50.342230536000045],[-4.191314256999931,50.34756094000005],[-4.180043097999942,50.35016510600008],[-4.180043097999942,50.35639069200005],[-4.207997199999909,50.35639069200005],[-4.200550910999937,50.36383698100008],[-4.220122850999928,50.365301825000074],[-4.228505011999914,50.36383698100008],[-4.228505011999914,50.37067291900007],[-4.1937556629999335,50.37689850500004],[-4.216175910999937,50.38776276200008],[-4.273019985999952,50.38190338700008],[-4.2899063789999445,50.397365627000056],[-4.2414444649999155,50.39468008000006],[-4.228505011999914,50.397365627000056],[-4.219715949999909,50.40509674700007],[-4.2161352199999556,50.415716864000046],[-4.2202042309999115,50.425848700000074],[-4.234730597999942,50.43211497600004],[-4.234730597999942,50.43829987200007],[-4.222523566999939,50.43797435100004],[-4.2123917309999115,50.441473700000074],[-4.204741990999935,50.44867584800005],[-4.200550910999937,50.459418036000045],[-4.189564581999946,50.45368073100008],[-4.179432745999918,50.45307038000004],[-4.159535285999937,50.459418036000045],[-4.1703181629999335,50.44513580900008],[-4.18390865799995,50.431708075000074],[-4.191477016999954,50.417629299000055],[-4.18382727799991,50.40106842700004],[-4.175770636999914,50.39085521000004],[-4.171457485999952,50.382798570000034],[-4.1655167309999115,50.37636953300006],[-4.1527400379999335,50.37067291900007],[-4.141753709999932,50.36904531500005],[-4.1049698559999115,50.37067291900007],[-4.118723110999952,50.35187409100007],[-4.1082657539999445,50.33661530200004],[-4.086008266999954,50.326239325000074],[-4.064035610999952,50.322251695000034],[-4.070220506999931,50.30923086100006],[-4.054351365999935,50.30036041900007],[-4.044056769999941,50.29645416900007],[-4.032948370999918,50.294907945000034],[-4.024769660999937,50.29718659100007],[-4.011341925999943,50.30695221600007],[-4.005604620999918,50.30923086100006],[-3.995757615999935,50.311428127000056],[-3.9702042309999115,50.320746161000045],[-3.9610082669999542,50.322251695000034],[-3.949940558999913,50.31899648600006],[-3.8841853509999282,50.280462958000044],[-3.826324022999927,50.23419830900008],[-3.788970506999931,50.21238841400009],[-3.774240688999953,50.22296784100007],[-3.758615688999953,50.22174713700008],[-3.740386522999927,50.21588776200008],[-3.7180069649999155,50.21238841400009],[-3.700917120999918,50.21352773600006],[-3.6606339179999168,50.22101471600007],[-3.6456192699999406,50.22601959800005],[-3.653309699999909,50.25104401200008],[-3.6475723949999406,50.27456289300005],[-3.6373591789999296,50.29539622600004],[-3.631988084999932,50.31232330900008],[-3.6215714179999168,50.321926174000055],[-3.5991104809999115,50.325832424000055],[-3.577788865999935,50.334051825000074],[-3.57054602799991,50.35639069200005],[-3.5545141269999476,50.347642320000034],[-3.5388891269999476,50.34442780200004],[-3.5269262359999516,50.34979889500005],[-3.520130988999938,50.37482330900008],[-3.5149633449999556,50.37995026200008],[-3.5073136059999115,50.382798570000034],[-3.49828040299991,50.383693752000056],[-3.4974666009999282,50.38735586100006],[-3.487456834999932,50.40477122600004],[-3.487456834999932,50.41156647300005],[-3.531971808999913,50.410223700000074],[-3.5493057929999168,50.41559479400007],[-3.556263800999943,50.43211497600004],[-3.549427863999938,50.446519273000035],[-3.532134568999936,50.454779364000046],[-3.509755011999914,50.45848216400009],[-3.487456834999932,50.459418036000045],[-3.505034959999932,50.501206773000035],[-3.505970831999946,50.520819403000075],[-3.494862433999913,50.548163153000075],[-3.4817602199999556,50.56854889500005],[-3.4672745429999168,50.585598049000055],[-3.451161261999914,50.59943268400008],[-3.433338995999918,50.610256252000056],[-3.4420466789999296,50.62352122600004],[-3.45531165299991,50.657904364000046],[-3.467844204999949,50.66697825700004],[-3.468902147999927,50.67169830900008],[-3.467762824999909,50.67641836100006],[-3.4644262359999516,50.67853424700007],[-3.458607550999943,50.67755768400008],[-3.446359829999949,50.66828034100007],[-3.433338995999918,50.64443594000005],[-3.420969204999949,50.62946198100008],[-3.4075414699999556,50.62128327000005],[-3.390736456999946,50.61782461100006],[-3.368153449999909,50.61709219000005],[-3.2955623039999296,50.63751862200007],[-3.280425584999932,50.65119049700007],[-3.271392381999931,50.664496161000045],[-3.2598363919999542,50.67454661700003],[-3.2191462879999335,50.68081289300005],[-3.1856176419999542,50.690741278000075],[-3.1664932929999168,50.69281647300005],[-3.1551407539999445,50.69135163000004],[-3.135894334999932,50.68593984600005],[-3.1254776679999168,50.68528880400004],[-3.115834113999938,50.68797435100004],[-3.071359829999949,50.711004950000074],[-3.059722459999932,50.713324286000045],[-3.021839972999942,50.70648834800005],[-2.998199022999927,50.708238023000035],[-2.9627579419999392,50.72329336100006],[-2.887318488999938,50.734361070000034],[-2.8648168609999516,50.73379140800006],[-2.6929418609999516,50.69281647300005],[-2.4835098949999406,50.59039948100008],[-2.4603572259999282,50.56549713700008],[-2.4595434239999463,50.52765534100007],[-2.45335852799991,50.52765534100007],[-2.4392797519999476,50.54181549700007],[-2.428700324999909,50.55756256700005],[-2.4312231109999516,50.57025788000004],[-2.4564509759999282,50.575506903000075],[-2.465646938999953,50.585150458000044],[-2.4600723949999406,50.60651276200008],[-2.447621222999942,50.62787506700005],[-2.435902472999942,50.63751862200007],[-2.398345506999931,50.64557526200008],[-2.377064581999946,50.64752838700008],[-2.3426407539999445,50.63377513200004],[-2.1573380199999406,50.62051015800006],[-2.082183397999927,50.59784577000005],[-2.065174933999913,50.59552643400008],[-1.9837133449999556,50.59662506700005],[-1.965199347999942,50.60219961100006],[-1.9672745429999168,50.61709219000005],[-1.9324845039999445,50.64443594000005],[-1.9529516269999476,50.65184153900009],[-1.9458715489999463,50.668850002000056],[-1.9527888659999348,50.67658112200007],[-1.9674373039999296,50.67865631700005],[-1.984120245999918,50.67853424700007],[-2.0025121739999463,50.681301174000055],[-2.0141495429999168,50.688788153000075],[-2.0356339179999168,50.713324286000045],[-2.0577286449999406,50.702826239000046],[-2.0695694649999155,50.700100002000056],[-2.0826716789999296,50.69896067900004],[-2.0480850899999155,50.734808661000045],[-2.038970506999931,50.739935614000046],[-2.0338435539999296,50.73712799700007],[-2.0219620429999168,50.72011953300006],[-2.01390540299991,50.71893952000005],[-1.9877009759999282,50.72011953300006],[-1.9492895169999542,50.713324286000045],[-1.946115688999953,50.707912502000056],[-1.9443253249999088,50.69765859600005],[-1.9400121739999463,50.69082265800006],[-1.9291072259999282,50.69586823100008],[-1.9138891269999476,50.70742422100005],[-1.8963516919999392,50.71629466400009],[-1.8773494129999335,50.72284577000005],[-1.8574112619999141,50.72695547100005],[-1.8350723949999406,50.72768789300005],[-1.7717179029999102,50.72011953300006],[-1.7535294259999432,50.72284577000005],[-1.7150772779999102,50.73578522300005],[-1.6930232409999348,50.739935614000046],[-1.6706436839999128,50.74005768400008],[-1.6021215489999463,50.731756903000075],[-1.5807185539999296,50.722642320000034],[-1.5611873039999296,50.71898021000004],[-1.559396938999953,50.71922435100004],[-1.5571996739999463,50.72329336100006],[-1.5247289699999556,50.761053778000075],[-1.491932745999918,50.75726959800005],[-1.4875382149999155,50.75771719000005],[-1.4762263659999348,50.76341380400004],[-1.4505102199999556,50.76935455900008],[-1.4049373039999296,50.774725653000075],[-1.4049373039999296,50.780951239000046],[-1.4186905589999128,50.788397528000075],[-1.4039607409999348,50.79157135600008],[-1.3398331369999141,50.79515208500004],[-1.3172908189999362,50.80023834800005],[-1.3142797519999476,50.812160549000055],[-1.323068813999953,50.82575104400007],[-1.4011124339999128,50.88117096600007],[-1.4256078769999476,50.900091864000046],[-1.4379776679999168,50.90131256700005],[-1.4664200509999432,50.91193268400008],[-1.4664200509999432,50.91815827000005],[-1.338937954999949,50.872707424000055],[-1.3014216789999296,50.84365469000005],[-1.288156704999949,50.839178778000075],[-1.2551977199999556,50.83193594000005],[-1.231516079999949,50.81891510600008],[-1.1992895169999542,50.807928778000075],[-1.1926163399999155,50.79865143400008],[-1.1856176419999542,50.79242584800005],[-1.1693416009999282,50.78587474200003],[-1.1511124339999128,50.78139883000006],[-1.1380509109999366,50.780951239000046],[-1.1249080069999309,50.788723049000055],[-1.1212052069999459,50.79938385600008],[-1.1237686839999128,50.818793036000045],[-1.129709438999953,50.825100002000056],[-1.1647029289999296,50.84365469000005],[-1.1498103509999282,50.84666575700004],[-1.0873103509999282,50.84979889500005],[-1.069162563999953,50.84365469000005],[-1.0753067699999406,50.83002350500004],[-1.0936173169999392,50.812933661000045],[-1.1030167309999115,50.79547760600008],[-1.0827530589999128,50.780951239000046],[-1.0562231109999516,50.78302643400008],[-1.0426326159999348,50.80190664300005],[-1.033558722999942,50.82591380400004],[-1.0207413399999155,50.84365469000005],[-1.0018611319999309,50.84711334800005],[-0.9707738919999542,50.846991278000075],[-0.9391983709999181,50.84324778900009],[-0.9190160799999489,50.83616771000004],[-0.9289444649999155,50.82282135600008],[-0.9217016269999476,50.821600653000075],[-0.9095352859999366,50.82599518400008],[-0.9046931629999335,50.829331773000035],[-0.8931371739999463,50.82534414300005],[-0.8736059239999463,50.812933661000045],[-0.8636368479999419,50.808254299000055],[-0.8636368479999419,50.802069403000075],[-0.8924861319999309,50.794623114000046],[-0.9058731759999432,50.78803131700005],[-0.9114884109999366,50.77781810100004],[-0.9041235019999476,50.77187734600005],[-0.8128149079999503,50.73476797100005],[-0.7899470689999362,50.73004791900007],[-0.7709854809999115,50.73688385600008],[-0.7662654289999296,50.74713776200008],[-0.7731013659999348,50.76601797100005],[-0.7675675119999141,50.774725653000075],[-0.7582087879999335,50.77708567900004],[-0.7415665359999366,50.769232489000046],[-0.7327367829999503,50.767279364000046],[-0.5689591139999379,50.802069403000075],[-0.39757239499994057,50.802069403000075],[-0.2696833979999269,50.831284898000035],[-0.2331436839999128,50.821926174000055],[-0.20612545499994894,50.83104075700004],[-0.17316646999995555,50.829006252000056],[0.034515821000070446,50.780951239000046],[0.07703698000005943,50.778998114000046],[0.09555097700007309,50.775051174000055],[0.11304772200008983,50.76414622600004],[0.12208092500009116,50.76080963700008],[0.1573999360000471,50.761053778000075],[0.16830488400006516,50.759833075000074],[0.2141219410000872,50.748928127000056],[0.23389733200008322,50.74701569200005],[0.2710067070000832,50.747381903000075],[0.3081160820000832,50.780951239000046],[0.3422957690000885,50.79515208500004],[0.34441165500004445,50.79905833500004],[0.35425866000008455,50.80963776200008],[0.36524498800008587,50.81899648600006],[0.3702905610000471,50.818793036000045],[0.4074813160000872,50.829331773000035],[0.6241968110000471,50.858710028000075],[0.6643986340000652,50.870306708000044],[0.7624617850000845,50.930894273000035],[0.8022567070000832,50.93919505400004],[0.9451603520000731,50.909369208000044],[0.9798283210000704,50.91815827000005],[0.9690861340000652,50.95685455900008],[0.9664819670000497,50.98273346600007],[0.9764103520000731,50.99445221600007],[1.027598504000082,51.04165273600006],[1.0669051440000885,51.06439850500004],[1.0871688160000872,51.07298411700003],[1.1067000660000872,51.07636139500005],[1.1722111340000652,51.077378648000035],[1.1920679050000444,51.08258698100008],[1.2165812114098855,51.1],[-4.220455605246275,51.1],[-4.214263475999928,51.086004950000074],[-4.207997199999909,51.07636139500005],[-4.218495245999918,51.07245514500005],[-4.234730597999942,51.05532461100006],[-4.302316860999952,51.007513739000046],[-4.317290818999936,51.00067780200004],[-4.337717251999948,50.99664948100008],[-4.3957413399999155,51.00067780200004],[-4.4057511059999115,51.00287506700005],[-4.4264216789999296,51.01268138200004],[-4.437326626999948,51.014960028000075],[-4.526437954999949,51.014960028000075],[-4.531320766999954,51.008693752000056],[-4.530425584999932,50.99469635600008],[-4.5266820949999556,50.98037344000005],[-4.5226944649999155,50.972723700000074],[-4.536854620999918,50.94757721600007],[-4.543771938999953,50.93919505400004],[-4.55492102799991,50.897772528000075],[-4.5501195949999556,50.80955638200004],[-4.577259894999941,50.774725653000075],[-4.619007941999939,50.754787502000056],[-4.637806769999941,50.74115631700005],[-4.645578579999949,50.723537502000056],[-4.657297329999949,50.71112702000005],[-4.728138800999943,50.672308661000045],[-4.741932745999918,50.67487213700008],[-4.751942511999914,50.67007070500006],[-4.755441860999952,50.659369208000044],[-4.7492569649999155,50.64443594000005],[-4.765044725999928,50.62799713700008],[-4.7766007149999155,50.60984935100004],[-4.7924698559999115,50.59520091400009],[-4.821197068999936,50.589178778000075],[-4.895659959999932,50.585923570000034],[-4.920521613999938,50.589178778000075],[-4.920521613999938,50.58295319200005],[-4.915191209999932,50.57249583500004],[-4.92023678299995,50.564154364000046],[-4.921864386999914,50.55487702000005],[-4.906239386999914,50.54197825700004],[-4.87328040299991,50.534084377000056],[-4.855824347999942,50.527411200000074],[-4.844838019999941,50.51406484600005],[-4.860951300999943,50.519191799000055],[-4.902414516999954,50.52057526200008],[-4.920521613999938,50.52765534100007],[-4.926869269999941,50.52289459800005],[-4.933583136999914,50.52024974200003],[-4.937123175999943,50.54531484600005],[-4.941477016999954,50.55695221600007],[-4.947255011999914,50.56244538000004],[-4.954823370999918,50.56122467700004],[-4.967844204999949,50.55158112200007],[-4.975168423999946,50.548163153000075],[-4.9955948559999115,50.548163153000075],[-5.015614386999914,50.53803131700005],[-5.025257941999939,50.52423737200007],[-5.0286352199999556,50.507025458000044],[-5.029774542999917,50.486761786000045],[-5.038726365999935,50.44790273600006],[-5.0481664699999556,50.43439362200007],[-5.0502823559999115,50.42869700700004],[-5.119740363999938,50.40477122600004],[-5.142404751999948,50.40448639500005],[-5.153675910999937,50.39948151200008],[-5.147043423999946,50.37938060100004],[-5.145659959999932,50.366888739000046],[-5.146473761999914,50.35529205900008],[-5.1498917309999115,50.35016510600008],[-5.1635636059999115,50.34723541900007],[-5.200306769999941,50.33075592700004],[-5.3148494129999335,50.253607489000046],[-5.351918097999942,50.240301825000074],[-5.3875626289999445,50.240301825000074],[-5.39289303299995,50.23655833500004],[-5.395863410999937,50.22724030200004],[-5.402943488999938,50.21735260600008],[-5.417388475999928,50.202460028000075],[-5.437977667999917,50.19432200700004],[-5.458119269999941,50.20075104400007],[-5.4891251289999445,50.21979401200008],[-5.5,50.219632003163866],[-5.5,50.12864970970075]]],[[[-5.132801886999914,48.458319403000075],[-5.107411261999914,48.46336497600004],[-5.097767706999946,48.46133047100005],[-5.091867641999954,48.45148346600007],[-5.105539516999954,48.45148346600007],[-5.105539516999954,48.444647528000075],[-5.087961391999954,48.44721100500004],[-5.0366104809999115,48.46515534100007],[-5.0366104809999115,48.47260163000004],[-5.042958136999914,48.471991278000075],[-5.046254035999937,48.473822333000044],[-5.0502823559999115,48.47882721600007],[-5.0689998039999296,48.48505280200004],[-5.091786261999914,48.48078034100007],[-5.132801886999914,48.46515534100007],[-5.132801886999914,48.458319403000075]]],[[[-3.262074347999942,47.383246161000045],[-3.2561742829999503,47.368801174000055],[-3.2453507149999155,47.352850653000075],[-3.2376195949999556,47.336371161000045],[-3.240956183999913,47.32062409100007],[-3.223459438999953,47.312160549000055],[-3.1717016269999476,47.30158112200007],[-3.0936173169999392,47.29661692900004],[-3.067005988999938,47.301947333000044],[-3.0628149079999503,47.32062409100007],[-3.0727432929999168,47.32831452000005],[-3.102691209999932,47.327337958000044],[-3.1146541009999282,47.33148834800005],[-3.1516007149999155,47.35814036700003],[-3.176503058999913,47.37148672100005],[-3.221506313999953,47.38751862200007],[-3.234120245999918,47.389553127000056],[-3.242990688999953,47.39533112200007],[-3.249623175999943,47.39520905200004],[-3.253651495999918,47.38886139500005],[-3.262074347999942,47.383246161000045]]],[[[-2.673451300999943,49.43349844000005],[-2.6693416009999282,49.430894273000035],[-2.5731095039999445,49.430894273000035],[-2.558705206999946,49.42719147300005],[-2.5520727199999556,49.42670319200005],[-2.541981574999909,49.430894273000035],[-2.534087693999936,49.43622467700004],[-2.5327856109999516,49.43891022300005],[-2.532948370999918,49.44285716400009],[-2.5267227859999366,49.45848216400009],[-2.5221248039999296,49.47996653900009],[-2.505767381999931,49.49799225500004],[-2.501698370999918,49.50665924700007],[-2.5182185539999296,49.51552969000005],[-2.5381973949999406,49.509833075000074],[-2.559559699999909,49.499335028000075],[-2.580230272999927,49.49359772300005],[-2.624623175999943,49.465725002000056],[-2.6379288399999155,49.46385325700004],[-2.6502579419999392,49.46369049700007],[-2.6565649079999503,49.459418036000045],[-2.6518448559999115,49.44521719000005],[-2.6629532539999445,49.443793036000045],[-2.6707657539999445,49.438788153000075],[-2.673451300999943,49.43349844000005]]],[[[-2.455067511999914,49.475043036000045],[-2.45335852799991,49.462144273000035],[-2.445220506999931,49.474595445000034],[-2.4478246739999463,49.48395416900007],[-2.4536840489999463,49.48187897300005],[-2.455067511999914,49.475043036000045]]],[[[-2.382923956999946,46.722642320000034],[-2.3714086579999503,46.704291083000044],[-2.291371222999942,46.70359935100004],[-2.2689509759999282,46.69741445500006],[-2.2796931629999335,46.710272528000075],[-2.2982071609999366,46.72016022300005],[-2.3372289699999556,46.73159414300005],[-2.3568009109999366,46.73379140800006],[-2.375152147999927,46.731634833000044],[-2.382923956999946,46.722642320000034]]],[[[-2.378081834999932,49.41274648600006],[-2.3735245429999168,49.41156647300005],[-2.3646541009999282,49.41787344000005],[-2.354400193999936,49.427801825000074],[-2.356353318999936,49.44037506700005],[-2.3637589179999168,49.44684479400007],[-2.366118943999936,49.445746161000045],[-2.3754776679999168,49.43545156500005],[-2.375884568999936,49.43040599200003],[-2.3731176419999542,49.424261786000045],[-2.378081834999932,49.41274648600006]]],[[[-2.295643683999913,47.033189195000034],[-2.2786759109999366,47.01813385600008],[-2.2631729809999115,46.979803778000075],[-2.2473038399999155,46.96430084800005],[-2.2202042309999115,46.973863023000035],[-2.1948136059999115,46.96185944200005],[-2.1736954419999392,46.939154364000046],[-2.159087693999936,46.91648997600004],[-2.142567511999914,46.909857489000046],[-2.137684699999909,46.923163153000075],[-2.1400447259999282,46.943426825000074],[-2.1448461579999503,46.957464911000045],[-2.1557511059999115,46.964911200000074],[-2.189808722999942,46.97724030200004],[-2.200103318999936,46.98541901200008],[-2.201324022999927,46.99974192900004],[-2.197417772999927,47.013006903000075],[-2.200021938999953,47.02435944200005],[-2.220448370999918,47.033189195000034],[-2.2385961579999503,47.03534577000005],[-2.295643683999913,47.033189195000034]]],[[[-2.2420141269999476,49.24795156500005],[-2.233225063999953,49.228501695000034],[-2.226470506999931,49.20600006700005],[-2.2336319649999155,49.18451569200005],[-2.223378058999913,49.18471914300005],[-2.200103318999936,49.19196198100008],[-2.18968665299991,49.189113674000055],[-2.1771541009999282,49.18016185100004],[-2.168690558999913,49.17829010600008],[-2.1606339179999168,49.190741278000075],[-2.152943488999938,49.19993724200003],[-2.1448461579999503,49.20563385600008],[-2.1379288399999155,49.20563385600008],[-2.1202286449999406,49.19916413000004],[-2.0969945949999556,49.183661200000074],[-2.079986131999931,49.17869700700004],[-2.0492244129999335,49.17829010600008],[-2.040028449999909,49.17572663000004],[-2.031158006999931,49.17145416900007],[-2.0245255199999406,49.17133209800005],[-2.0219620429999168,49.18138255400004],[-2.0209854809999115,49.20075104400007],[-2.0169978509999282,49.20722077000005],[-2.0082901679999168,49.21246979400007],[-2.0219620429999168,49.225490627000056],[-2.020659959999932,49.235256252000056],[-2.0678604809999115,49.25067780200004],[-2.0826716789999296,49.26023997600004],[-2.097564256999931,49.25967031500005],[-2.103871222999942,49.25820547100005],[-2.1106664699999556,49.25340403900009],[-2.121978318999936,49.25828685100004],[-2.1437882149999155,49.26186758000006],[-2.1516820949999556,49.26703522300005],[-2.1723526679999168,49.25625234600005],[-2.1827286449999406,49.25405508000006],[-2.196278449999909,49.25340403900009],[-2.215199347999942,49.26023997600004],[-2.2293595039999445,49.263006903000075],[-2.241118943999936,49.26023997600004],[-2.2420141269999476,49.24795156500005]]],[[[-2.226226365999935,49.70783112200007],[-2.2168676419999542,49.70302969000005],[-2.200835740999935,49.70571523600006],[-2.1878962879999335,49.710638739000046],[-2.1703181629999335,49.72321198100008],[-2.1703181629999335,49.72874583500004],[-2.1744685539999296,49.73139069200005],[-2.178618943999936,49.730902411000045],[-2.1948136059999115,49.72479889500005],[-2.204701300999943,49.72410716400009],[-2.218495245999918,49.71869538000004],[-2.226226365999935,49.70783112200007]]],[[[-1.8373103509999282,48.87323639500005],[-1.8345027329999084,48.86916738500008],[-1.8266495429999168,48.86937083500004],[-1.8248998689999212,48.86668528900009],[-1.8270971339999278,48.87323639500005],[-1.8364965489999463,48.87881094000005],[-1.8373103509999282,48.87323639500005]]],[[[-1.5694880849999322,50.65802643400008],[-1.5515030589999128,50.66510651200008],[-1.5351456369999141,50.66937897300005],[-1.4974259109999366,50.672308661000045],[-1.4859513009999432,50.66933828300006],[-1.4527888659999348,50.654282945000034],[-1.4459529289999296,50.648138739000046],[-1.3155411449999406,50.589178778000075],[-1.2792048819999309,50.58250560100004],[-1.1684464179999168,50.60346100500004],[-1.1650284499999088,50.60822174700007],[-1.1647029289999296,50.64093659100007],[-1.1622208319999459,50.64598216400009],[-1.1563614569999459,50.65078359600005],[-1.128651495999918,50.666449286000045],[-1.1127009759999282,50.67145416900007],[-1.0753067699999406,50.67853424700007],[-1.0669652989999463,50.685248114000046],[-1.0623266269999476,50.68528880400004],[-1.0623266269999476,50.69281647300005],[-1.0827530589999128,50.713324286000045],[-1.0970352859999366,50.713324286000045],[-1.0970352859999366,50.72695547100005],[-1.109120245999918,50.732855536000045],[-1.1195369129999335,50.73419830900008],[-1.144276495999918,50.73379140800006],[-1.2957657539999445,50.77317942900004],[-1.318511522999927,50.77216217700004],[-1.343495245999918,50.761053778000075],[-1.377552863999938,50.73419830900008],[-1.4008682929999168,50.721991278000075],[-1.4253637359999516,50.72011953300006],[-1.4186905589999128,50.73379140800006],[-1.5059301419999542,50.70770905200004],[-1.5453181629999335,50.68610260600008],[-1.5694880849999322,50.65802643400008]]],[[[-1.5558162099999322,46.24555084800005],[-1.5448298819999309,46.239894924000055],[-1.504261847999942,46.20766836100006],[-1.4889216789999296,46.20335521000004],[-1.4328507149999155,46.21084219000005],[-1.336089647999927,46.167222398000035],[-1.2906794909999348,46.161322333000044],[-1.2862849599999322,46.16010163000004],[-1.281402147999927,46.15619538000004],[-1.2708634109999366,46.160223700000074],[-1.2541397779999102,46.16242096600007],[-1.2657364569999459,46.180975653000075],[-1.2847387359999516,46.19643789300005],[-1.3080948559999115,46.20693594000005],[-1.4087621739999463,46.21824778900009],[-1.4253637359999516,46.223822333000044],[-1.4253637359999516,46.23126862200007],[-1.4111221999999088,46.23126862200007],[-1.4111221999999088,46.23810455900008],[-1.4354548819999309,46.23383209800005],[-1.4641820949999556,46.22492096600007],[-1.4905492829999503,46.22443268400008],[-1.507964647999927,46.24555084800005],[-1.4977107409999348,46.24518463700008],[-1.4738663399999155,46.23810455900008],[-1.4674373039999296,46.24396393400008],[-1.4678848949999406,46.24990469000005],[-1.4727270169999542,46.25527578300006],[-1.4800919259999432,46.25922272300005],[-1.4981176419999542,46.26190827000005],[-1.5558162099999322,46.25177643400008],[-1.5558162099999322,46.24555084800005]]],[[[-1.4049373039999296,46.053168036000045],[-1.3829239569999459,46.01850006700005],[-1.3716527989999463,45.995306708000044],[-1.3738907539999445,45.98493073100008],[-1.3783259759999282,45.97597890800006],[-1.3617244129999335,45.956732489000046],[-1.3401586579999503,45.938666083000044],[-1.3189998039999296,45.92812734600005],[-1.260365363999938,45.88182200700004],[-1.2494197259999282,45.86774323100008],[-1.2412003249999088,45.85455963700008],[-1.2268774079999503,45.81976959800005],[-1.2092179029999102,45.814154364000046],[-1.1945694649999155,45.830064195000034],[-1.184193488999938,45.856350002000056],[-1.1760961579999503,45.89874909100007],[-1.1777237619999141,45.90692780200004],[-1.1851700509999432,45.91596100500004],[-1.213937954999949,45.92804596600007],[-1.224354620999918,45.93504466400009],[-1.2193904289999296,45.94391510600008],[-1.2193904289999296,45.95075104400007],[-1.2304581369999141,45.958197333000044],[-1.2311905589999128,45.96792226800005],[-1.229562954999949,45.97923411700003],[-1.2336319649999155,45.99168528900009],[-1.2476293609999516,46.00177643400008],[-1.2612198559999115,46.00067780200004],[-1.2738337879999335,45.99762604400007],[-1.2851456369999141,46.001654364000046],[-1.3087052069999459,46.02024974200003],[-1.3399145169999542,46.03782786700003],[-1.3738907539999445,46.05023834800005],[-1.4049373039999296,46.053168036000045]]],[[[-1.0207413399999155,50.788397528000075],[-0.9388321609999366,50.780951239000046],[-0.9388321609999366,50.788397528000075],[-0.9456274079999503,50.79181549700007],[-0.9598689439999362,50.802069403000075],[-0.9598689439999362,50.808254299000055],[-0.9514054029999102,50.81244538000004],[-0.9478246739999463,50.81781647300005],[-0.9503067699999406,50.82379791900007],[-0.9598689439999362,50.829331773000035],[-0.9725642569999309,50.829779364000046],[-0.9986873039999296,50.80101146000004],[-1.0207413399999155,50.79515208500004],[-1.0207413399999155,50.788397528000075]]],[[[6.1647241550000444,43.005072333000044],[6.166188998000052,42.999660549000055],[6.1901147800000444,42.99017975500004],[6.2024845710000704,42.98712799700007],[6.21648196700005,42.99038320500006],[6.252208826000071,43.00263219800007],[6.251004127000044,43.017296825000074],[6.241884786000071,43.02564971800007],[6.2350366550000444,43.02240631700005],[6.233393453000076,43.01558154300005],[6.215017123000052,43.01471588700008],[6.2115991550000444,43.01162344000005],[6.202972852000073,43.00800202000005],[6.1751408210000704,43.008978583000044],[6.1647241550000444,43.005072333000044]]],[[[6.431813998000052,43.01947663000004],[6.4329533210000704,43.00967031500005],[6.439463738000086,43.00885651200008],[6.448252800000091,43.01467519700009],[6.46648196700005,43.01935455900008],[6.481700066000087,43.038316148000035],[6.490163608000046,43.04429759300007],[6.505788608000046,43.046169338000084],[6.5066024100000845,43.051621812000064],[6.5015568370000665,43.055894273000035],[6.472666863000086,43.05068594000005],[6.463226759000065,43.04393138200004],[6.455332879000082,43.03278229400007],[6.434662306000064,43.02720774900007],[6.431813998000052,43.01947663000004]]],[[[7.032387197000048,43.522494315000074],[7.036684500000092,43.51645982800005],[7.06897912900007,43.514617713000064],[7.073077518000048,43.51579504400007],[7.048962884000048,43.52410675900006],[7.039719978000051,43.52184380600005],[7.032387197000048,43.522494315000074]]],[[[8.545258009000065,42.232855536000045],[8.55241946700005,42.22898997600004],[8.56576582100007,42.22573476800005],[8.574066602000073,42.219916083000044],[8.56576582100007,42.20856354400007],[8.57781009200005,42.204413153000075],[8.58179772200009,42.194525458000044],[8.577647332000083,42.184881903000075],[8.56576582100007,42.181301174000055],[8.56576582100007,42.17450592700004],[8.593760613000086,42.17450592700004],[8.593760613000086,42.16705963700008],[8.56967207100007,42.155585028000075],[8.559580925000091,42.153998114000046],[8.569102410000085,42.15497467700004],[8.578135613000086,42.15420156500005],[8.586273634000065,42.15143463700008],[8.593760613000086,42.146551825000074],[8.586273634000065,42.13349030200004],[8.606700066000087,42.13373444200005],[8.629567905000044,42.130072333000044],[8.647715691000087,42.12201569200005],[8.655121290000068,42.10932038000004],[8.660899285000085,42.105454820000034],[8.68881269600007,42.11115143400008],[8.699229363000086,42.10932038000004],[8.706228061000047,42.100490627000056],[8.723480665000068,42.07208893400008],[8.739105665000068,42.06342194200005],[8.744965040000068,42.05658600500004],[8.743418816000087,42.044134833000044],[8.73804772200009,42.04393138200004],[8.706065300000091,42.030462958000044],[8.684336785000085,42.02558014500005],[8.664561394000089,42.01447174700007],[8.656097852000073,42.00287506700005],[8.668793165000068,41.99632396000004],[8.655039910000085,41.97870514500005],[8.635508660000085,41.972642320000034],[8.586273634000065,41.96898021000004],[8.614431186000047,41.94407786700003],[8.618662957000083,41.93048737200007],[8.607269727000073,41.913763739000046],[8.614268425000091,41.90078359600005],[8.629893425000091,41.908636786000045],[8.647634311000047,41.911810614000046],[8.688731316000087,41.913763739000046],[8.71029707100007,41.91876862200007],[8.744395379000082,41.932806708000044],[8.764414910000085,41.93427155200004],[8.77507571700005,41.93231842700004],[8.781423373000052,41.92877838700008],[8.791758660000085,41.913763739000046],[8.805430535000085,41.90692780200004],[8.803396030000044,41.90053945500006],[8.79460696700005,41.89215729400007],[8.791758660000085,41.88711172100005],[8.790049675000091,41.88694896000004],[8.778086785000085,41.87278880400004],[8.781748894000089,41.87368398600006],[8.791758660000085,41.85911692900004],[8.783702019000089,41.853583075000074],[8.750824415000068,41.84552643400008],[8.762380405000044,41.84414297100005],[8.772308790000068,41.84039948100008],[8.780039910000085,41.83392975500004],[8.78492272200009,41.82440827000005],[8.752289259000065,41.809800523000035],[8.731944207000083,41.80459219000005],[8.709157748000052,41.80451080900008],[8.709157748000052,41.79706452000005],[8.720225457000083,41.79169342700004],[8.72201582100007,41.782416083000044],[8.717539910000085,41.77204010600008],[8.709157748000052,41.76357656500005],[8.696299675000091,41.75820547100005],[8.668223504000082,41.75486888200004],[8.655121290000068,41.74990469000005],[8.688731316000087,41.74176666900007],[8.702972852000073,41.74249909100007],[8.695567254000082,41.72943756700005],[8.719086134000065,41.73069896000004],[8.760101759000065,41.74266185100004],[8.78492272200009,41.74249909100007],[8.776133660000085,41.72239817900004],[8.78882897200009,41.712551174000055],[8.812347852000073,41.70929596600007],[8.836436394000089,41.70892975500004],[8.899180535000085,41.69546133000006],[8.922699415000068,41.694647528000075],[8.910655144000089,41.68382396000004],[8.896983269000089,41.67792389500005],[8.885752800000091,41.67088450700004],[8.881114129000082,41.657131252000056],[8.872569207000083,41.65106842700004],[8.819021030000044,41.63263580900008],[8.801768425000091,41.63906484600005],[8.792002800000091,41.62514883000006],[8.785411004000082,41.604681708000044],[8.778086785000085,41.59162018400008],[8.793223504000082,41.58730703300006],[8.796397332000083,41.58055247600004],[8.791758660000085,41.56122467700004],[8.797211134000065,41.557074286000045],[8.80990644600007,41.55267975500004],[8.82390384200005,41.54995351800005],[8.83334394600007,41.55072663000004],[8.840586785000085,41.54726797100005],[8.85328209700009,41.543850002000056],[8.85328209700009,41.53766510600008],[8.83961022200009,41.53082916900007],[8.848399285000085,41.52610911700003],[8.864268425000091,41.52533600500004],[8.873708530000044,41.52338288000004],[8.879161004000082,41.51935455900008],[8.883636915000068,41.51117584800005],[8.906911655000044,41.50731028900009],[8.916758660000085,41.501654364000046],[8.924815300000091,41.49494049700007],[8.935720248000052,41.48920319200005],[8.951019727000073,41.491888739000046],[8.975596550000091,41.48908112200007],[9.000987175000091,41.48305898600006],[9.01148522200009,41.47614166900007],[9.018321160000085,41.468736070000034],[9.028086785000085,41.473822333000044],[9.03874759200005,41.47614166900007],[9.031993035000085,41.468736070000034],[9.03874759200005,41.46190013200004],[9.068207227000073,41.47947825700004],[9.07984459700009,41.48236725500004],[9.07984459700009,41.47614166900007],[9.066579623000052,41.46190013200004],[9.080902540000068,41.453192450000074],[9.10515384200005,41.44550202000005],[9.121348504000082,41.43463776200008],[9.112152540000068,41.43256256700005],[9.107269727000073,41.42926666900007],[9.096446160000085,41.403509833000044],[9.122243686000047,41.394964911000045],[9.153330925000091,41.39134349200003],[9.169118686000047,41.38617584800005],[9.193858269000089,41.369126695000034],[9.20671634200005,41.36591217700004],[9.223155144000089,41.37250397300005],[9.23015384200005,41.380926825000074],[9.238780144000089,41.39590078300006],[9.246592644000089,41.41290924700007],[9.250336134000065,41.427801825000074],[9.23796634200005,41.42226797100005],[9.22201582100007,41.41095612200007],[9.21070397200009,41.40729401200008],[9.21070397200009,41.41351959800005],[9.219981316000087,41.419623114000046],[9.223317905000044,41.42731354400007],[9.22006269600007,41.43504466400009],[9.21070397200009,41.44086334800005],[9.21070397200009,41.44822825700004],[9.228037957000083,41.45001862200007],[9.25521894600007,41.46360911700003],[9.27084394600007,41.468736070000034],[9.264659050000091,41.47614166900007],[9.27475019600007,41.482855536000045],[9.279144727000073,41.49164459800005],[9.276215040000068,41.49941640800006],[9.264659050000091,41.50287506700005],[9.268728061000047,41.50995514500005],[9.269867384000065,41.516791083000044],[9.268728061000047,41.52374909100007],[9.264659050000091,41.53082916900007],[9.281993035000085,41.533270575000074],[9.292165561000047,41.54291413000004],[9.299652540000068,41.55329010600008],[9.309092644000089,41.55817291900007],[9.326670769000089,41.56110260600008],[9.341075066000087,41.56928131700005],[9.350596550000091,41.58120351800005],[9.354177280000044,41.595404364000046],[9.34506269600007,41.60447825700004],[9.325043165000068,41.60195547100005],[9.292165561000047,41.59162018400008],[9.278575066000087,41.59837474200003],[9.284434441000087,41.60765208500004],[9.293955925000091,41.617621161000045],[9.292165561000047,41.62641022300005],[9.303721550000091,41.627834377000056],[9.318207227000073,41.62714264500005],[9.333262566000087,41.62445709800005],[9.346690300000091,41.619574286000045],[9.342133009000065,41.63467031500005],[9.345225457000083,41.640326239000046],[9.363617384000065,41.64004140800006],[9.373057488000086,41.64516836100006],[9.377940300000091,41.65643952000005],[9.380707227000073,41.67422109600005],[9.367035352000073,41.67422109600005],[9.372243686000047,41.68390534100007],[9.381195509000065,41.692694403000075],[9.391123894000089,41.69904205900008],[9.398610873000052,41.70148346600007],[9.401621941000087,41.70644765800006],[9.403005405000044,41.779730536000045],[9.39429772200009,41.84796784100007],[9.402842644000089,41.91742584800005],[9.403168165000068,41.95294830900008],[9.408702019000089,41.962225653000075],[9.423838738000086,41.973537502000056],[9.492442254000082,42.047756252000056],[9.507823113000086,42.07221100500004],[9.518565300000091,42.08510976800005],[9.545583530000044,42.10398997600004],[9.552744988000086,42.11302317900004],[9.554942254000082,42.12083567900004],[9.556895379000082,42.13825104400007],[9.559580925000091,42.146551825000074],[9.552256707000083,42.17015208500004],[9.559580925000091,42.294582424000055],[9.555430535000085,42.31427643400008],[9.536957227000073,42.353176174000055],[9.532237175000091,42.37372467700004],[9.532725457000083,42.39252350500004],[9.535411004000082,42.408189195000034],[9.539886915000068,42.42206452000005],[9.545909050000091,42.43512604400007],[9.533376498000052,42.456244208000044],[9.530039910000085,42.486314195000034],[9.532237175000091,42.54437897300005],[9.528086785000085,42.56354401200008],[9.518565300000091,42.580959377000056],[9.48959394600007,42.612616278000075],[9.50912519600007,42.57998281500005],[9.511892123000052,42.56549713700008],[9.484873894000089,42.57444896000004],[9.476898634000065,42.57916901200008],[9.470713738000086,42.587225653000075],[9.46461022200009,42.601629950000074],[9.456553582000083,42.60643138200004],[9.461436394000089,42.614569403000075],[9.461680535000085,42.61981842700004],[9.456553582000083,42.634426174000055],[9.449961785000085,42.63572825700004],[9.445323113000086,42.637884833000044],[9.442881707000083,42.64057038000004],[9.443369988000086,42.64524974200003],[9.450368686000047,42.653631903000075],[9.449392123000052,42.68260325700004],[9.451426629000082,42.69672272300005],[9.450368686000047,42.70888906500005],[9.482758009000065,42.80231354400007],[9.484385613000086,42.83242422100005],[9.465505405000044,42.923529364000046],[9.47006269600007,42.942287502000056],[9.45875084700009,42.952337958000044],[9.453868035000085,42.96381256700005],[9.455577019000089,42.97455475500004],[9.464040561000047,42.98261139500005],[9.464040561000047,42.99005768400008],[9.444509311000047,42.99799225500004],[9.435557488000086,43.00372955900008],[9.422373894000089,43.01740143400008],[9.404307488000086,43.01166413000004],[9.36304772200009,43.01154205900008],[9.346690300000091,43.00372955900008],[9.341807488000086,42.990668036000045],[9.34343509200005,42.973089911000045],[9.349945509000065,42.95722077000005],[9.360199415000068,42.94912344000005],[9.355723504000082,42.93650950700004],[9.360199415000068,42.928615627000056],[9.336924675000091,42.91038646000004],[9.330251498000052,42.903550523000035],[9.326182488000086,42.893784898000035],[9.326345248000052,42.88532135600008],[9.332855665000068,42.87579987200007],[9.333018425000091,42.86713288000004],[9.305674675000091,42.83926015800006],[9.321787957000083,42.823919989000046],[9.335459832000083,42.80760325700004],[9.340993686000047,42.79010651200008],[9.333018425000091,42.77094147300005],[9.342539910000085,42.74909088700008],[9.32789147200009,42.720038153000075],[9.292165561000047,42.67475006700005],[9.285329623000052,42.67475006700005],[9.276133660000085,42.69415924700007],[9.264659050000091,42.70888906500005],[9.257823113000086,42.71393463700008],[9.236827019000089,42.72256094000005],[9.185069207000083,42.73338450700004],[9.176036004000082,42.73281484600005],[9.165212436000047,42.73517487200007],[9.141449415000068,42.73501211100006],[9.117849155000044,42.73200104400007],[9.10710696700005,42.725897528000075],[9.052989129000082,42.68158600500004],[9.049978061000047,42.662176825000074],[9.018321160000085,42.65013255400004],[8.906504754000082,42.632473049000055],[8.843028191000087,42.60805898600006],[8.805430535000085,42.60643138200004],[8.812836134000065,42.599595445000034],[8.807465040000068,42.58510976800005],[8.798838738000086,42.57176341400009],[8.786957227000073,42.56199778900009],[8.77125084700009,42.55805084800005],[8.759613477000073,42.561753648000035],[8.750661655000044,42.568793036000045],[8.74000084700009,42.572333075000074],[8.723480665000068,42.56549713700008],[8.719737175000091,42.57599518400008],[8.709157748000052,42.57916901200008],[8.709157748000052,42.57172272300005],[8.716319207000083,42.56199778900009],[8.710785352000073,42.54010651200008],[8.71656334700009,42.53070709800005],[8.697601759000065,42.527004299000055],[8.680430535000085,42.52106354400007],[8.667491082000083,42.50971100500004],[8.657074415000068,42.48004791900007],[8.659678582000083,42.47711823100008],[8.672048373000052,42.47614166900007],[8.676768425000091,42.47247955900008],[8.672373894000089,42.46442291900007],[8.661387566000087,42.45189036700003],[8.661631707000083,42.43976471600007],[8.65951582100007,42.42987702000005],[8.650889519000089,42.42328522300005],[8.618662957000083,42.419582424000055],[8.614024285000085,42.41624583500004],[8.612071160000085,42.411810614000046],[8.607269727000073,42.40721263200004],[8.603526238000086,42.40033600500004],[8.602386915000068,42.391913153000075],[8.598643425000091,42.387600002000056],[8.586273634000065,42.39297109600005],[8.579600457000083,42.385931708000044],[8.570485873000052,42.38178131700005],[8.560801629000082,42.38165924700007],[8.55209394600007,42.386704820000034],[8.549082879000082,42.37710195500006],[8.549652540000068,42.36579010600008],[8.553477410000085,42.35488515800006],[8.559580925000091,42.34638092700004],[8.55209394600007,42.33893463700008],[8.59156334700009,42.35114166900007],[8.612803582000083,42.352443752000056],[8.634776238000086,42.33893463700008],[8.604746941000087,42.32558828300006],[8.599864129000082,42.321926174000055],[8.601410352000073,42.31476471600007],[8.605316602000073,42.31045156500005],[8.61109459700009,42.31004466400009],[8.625173373000052,42.31915924700007],[8.629649285000085,42.31525299700007],[8.634776238000086,42.30483633000006],[8.672048373000052,42.29116445500006],[8.688731316000087,42.280951239000046],[8.687754754000082,42.27293528900009],[8.68523196700005,42.271918036000045],[8.680837436000047,42.272772528000075],[8.664724155000044,42.264878648000035],[8.651133660000085,42.26040273600006],[8.610850457000083,42.25462474200003],[8.586273634000065,42.243353583000044],[8.55990644600007,42.24433014500005],[8.549489780000044,42.242254950000074],[8.545258009000065,42.232855536000045]]],[[[9.247243686000047,41.33771393400008],[9.256927931000064,41.33152903900009],[9.25757897200009,41.33551666900007],[9.254649285000085,41.33860911700003],[9.254567905000044,41.34218984600005],[9.249929233000046,41.34353261900009],[9.247243686000047,41.33771393400008]]],[[[9.250417514000048,41.36546458500004],[9.262624545000051,41.36078522300005],[9.26343834700009,41.36269765800006],[9.26889082100007,41.36461009300007],[9.270030144000089,41.367621161000045],[9.264333530000044,41.36635976800005],[9.264821811000047,41.37213776200008],[9.251556837000066,41.371161200000074],[9.250417514000048,41.36546458500004]]],[[[9.330902540000068,41.30471426000008],[9.33468940416992,41.3],[9.352383271545683,41.3],[9.345876498000052,41.304754950000074],[9.334971550000091,41.30833567900004],[9.330902540000068,41.30471426000008]]],[[[9.36349209514153,41.3],[9.380056186000047,41.300441799000055],[9.376800977000073,41.307806708000044],[9.36349209514153,41.3]]],[[[9.456553582000083,42.64740631700005],[9.476817254000082,42.61908600500004],[9.476898634000065,42.62010325700004],[9.48210696700005,42.62010325700004],[9.456553582000083,42.64740631700005]]]]}}]}